date,chart,downloads,delta
2026-10-03,best-practice-policies,3891,
2026-10-03,cloud-controller,326,
2026-10-03,cluster-registrator,25202,
2026-10-03,enterprise-kyverno-operator,10174,
2026-10-03,image-scan-adapter,384,
2026-10-03,kube-bench-adapter,31911,
2026-10-03,kyverno,83484,
2026-10-03,kyverno-monitor,1598,
2026-10-03,kyverno-notation-aws,278,
2026-10-03,kyverno-operator,4334,
2026-10-03,kyverno-stub-crds,245,
2026-10-03,nirmata-agent,298,
2026-10-03,nirmata-aws-adapter,1399,
2026-10-03,nirmata-cluster-registrator-chart,58,
2026-10-03,nirmata-kube-controller,46898,
2026-10-03,nirmata-kyverno-operator,86348,
2026-10-03,nirmata-kyverno-operator-crd,32104,
2026-10-03,nirmata-venafi-adapter,1497,
2026-10-03,pod-security-policies,3641,
2026-10-03,remediator-agent,2088,
2026-10-03,reports-server,24179,
2026-10-03,venafi-adapter,938,
