date,chart,version,prerelease,asset,downloads
2026-10-03,kyverno-notation-aws,2.0.0-rc.3,False,kyverno-notation-aws-2.0.0-rc.3.tgz,97
2026-10-03,kyverno-notation-aws,2.0.0-rc.2,False,kyverno-notation-aws-2.0.0-rc.2.tgz,181
2026-10-03,kyverno,3.8.4-rc.2,False,kyverno-3.8.4-rc.2.tgz,3
2026-10-03,kyverno,3.8.4-rc.1,False,kyverno-3.8.4-rc.1.tgz,6
2026-10-03,nirmata-kyverno-operator,0.9.10-rc.1,False,nirmata-kyverno-operator-0.9.10-rc.1.tgz,5
2026-10-03,kyverno,3.3.54,False,kyverno-3.3.54.tgz,4
2026-10-03,kyverno,3.3.54-rc.1,False,kyverno-3.3.54-rc.1.tgz,8
2026-10-03,nirmata-kube-controller,0.3.18,False,nirmata-kube-controller-0.3.18.tgz,96
2026-10-03,reports-server,0.2.37,False,reports-server-0.2.37.tgz,47
2026-10-03,kyverno,3.7.11-rc.2,False,kyverno-3.7.11-rc.2.tgz,11
2026-10-03,kyverno,3.7.11,False,kyverno-3.7.11.tgz,28
2026-10-03,reports-server,0.2.36,False,reports-server-0.2.36.tgz,3
2026-10-03,nirmata-agent,v0.2.9,False,nirmata-agent-v0.2.9.tgz,31
2026-10-03,reports-server,0.3.1-rc.1,False,reports-server-0.3.1-rc.1.tgz,21
2026-10-03,kyverno,3.7.11-rc.1,False,kyverno-3.7.11-rc.1.tgz,33
2026-10-03,kyverno,3.8.3,False,kyverno-3.8.3.tgz,306
2026-10-03,kyverno,3.7.10-rc.6,False,kyverno-3.7.10-rc.6.tgz,2
2026-10-03,kyverno,3.7.10,False,kyverno-3.7.10.tgz,46
2026-10-03,kyverno,3.6.22-rc.3,False,kyverno-3.6.22-rc.3.tgz,1
2026-10-03,kyverno,3.6.22,False,kyverno-3.6.22.tgz,11
2026-10-03,kyverno,3.5.13-rc.3,False,kyverno-3.5.13-rc.3.tgz,4
2026-10-03,kyverno,3.5.13,False,kyverno-3.5.13.tgz,6
2026-10-03,kyverno,3.4.18,False,kyverno-3.4.18.tgz,9
2026-10-03,nirmata-agent,v0.2.9-rc.4,False,nirmata-agent-v0.2.9-rc.4.tgz,2
2026-10-03,kyverno,3.8.3-rc.1,False,kyverno-3.8.3-rc.1.tgz,3
2026-10-03,kyverno,3.7.10-rc.5,False,kyverno-3.7.10-rc.5.tgz,1
2026-10-03,kyverno,3.6.22-rc.2,False,kyverno-3.6.22-rc.2.tgz,1
2026-10-03,kyverno,3.5.13-rc.2,False,kyverno-3.5.13-rc.2.tgz,1
2026-10-03,kyverno,3.9.0-rc.2,False,kyverno-3.9.0-rc.2.tgz,12
2026-10-03,kyverno,3.7.10-rc.4,False,kyverno-3.7.10-rc.4.tgz,4
2026-10-03,kyverno,3.4.18-rc.1,False,kyverno-3.4.18-rc.1.tgz,1
2026-10-03,kyverno,3.6.22-rc1,False,kyverno-3.6.22-rc1.tgz,1
2026-10-03,kyverno,3.5.13-rc1,False,kyverno-3.5.13-rc1.tgz,1
2026-10-03,reports-server,0.2.35,False,reports-server-0.2.35.tgz,283
2026-10-03,nirmata-kyverno-operator,0.9.9,False,nirmata-kyverno-operator-0.9.9.tgz,731
2026-10-03,kyverno,3.7.10-rc.2,False,kyverno-3.7.10-rc.2.tgz,12
2026-10-03,nirmata-agent,v0.2.9-rc.3,False,nirmata-agent-v0.2.9-rc.3.tgz,1
2026-10-03,kyverno,3.7.10-rc.1,False,kyverno-3.7.10-rc.1.tgz,2
2026-10-03,kyverno,3.8.2,False,kyverno-3.8.2.tgz,401
2026-10-03,kyverno,3.8.1,False,kyverno-3.8.1.tgz,3
2026-10-03,kyverno,3.8.0-rc.7,False,kyverno-3.8.0-rc.7.tgz,2
2026-10-03,kyverno,3.8.0-rc.6,False,kyverno-3.8.0-rc.6.tgz,1
2026-10-03,kyverno,3.8.0-rc.5,False,kyverno-3.8.0-rc.5.tgz,1
2026-10-03,kyverno,3.8.0,False,kyverno-3.8.0.tgz,3
2026-10-03,kyverno,3.8.0-rc.4,False,kyverno-3.8.0-rc.4.tgz,7
2026-10-03,kyverno,3.8.0-rc.3,False,kyverno-3.8.0-rc.3.tgz,5
2026-10-03,kyverno,3.7.9,False,kyverno-3.7.9.tgz,347
2026-10-03,kyverno,3.3.53,False,kyverno-3.3.53.tgz,121
2026-10-03,kyverno,3.7.9-rc.1,False,kyverno-3.7.9-rc.1.tgz,19
2026-10-03,kyverno,3.8.0-rc.2,False,kyverno-3.8.0-rc.2.tgz,10
2026-10-03,kyverno,3.7.8,False,kyverno-3.7.8.tgz,396
2026-10-03,reports-server,0.2.34,False,reports-server-0.2.34.tgz,2562
2026-10-03,kyverno,3.7.8-rc.2,False,kyverno-3.7.8-rc.2.tgz,5
2026-10-03,kyverno,3.7.8-rc.1,False,kyverno-3.7.8-rc.1.tgz,3
2026-10-03,kyverno,3.3.53-rc.1,False,kyverno-3.3.53-rc.1.tgz,3
2026-10-03,kyverno,3.7.7,False,kyverno-3.7.7.tgz,4195
2026-10-03,kyverno,3.7.7-rc.8,False,kyverno-3.7.7-rc.8.tgz,7
2026-10-03,kyverno,3.7.7-rc.7,False,kyverno-3.7.7-rc.7.tgz,4
2026-10-03,reports-server,0.2.33,False,reports-server-0.2.33.tgz,528
2026-10-03,kyverno,3.7.7-rc.6,False,kyverno-3.7.7-rc.6.tgz,6
2026-10-03,kyverno,3.6.21-rc.1,False,kyverno-3.6.21-rc.1.tgz,2
2026-10-03,kyverno,3.6.21,False,kyverno-3.6.21.tgz,216
2026-10-03,reports-server,0.2.32,False,reports-server-0.2.32.tgz,7
2026-10-03,kyverno,3.7.7-rc.5,False,kyverno-3.7.7-rc.5.tgz,2
2026-10-03,kyverno,3.7.7-rc.4,False,kyverno-3.7.7-rc.4.tgz,1
2026-10-03,kyverno,3.7.7-rc.3,False,kyverno-3.7.7-rc.3.tgz,2
2026-10-03,kyverno,3.7.7-rc.2,False,kyverno-3.7.7-rc.2.tgz,4
2026-10-03,kyverno,3.6.20,False,kyverno-3.6.20.tgz,11
2026-10-03,reports-server,0.2.31,False,reports-server-0.2.31.tgz,45
2026-10-03,kyverno,3.6.20-rc.1,False,kyverno-3.6.20-rc.1.tgz,5
2026-10-03,kyverno,3.3.52-rc.5,False,kyverno-3.3.52-rc.5.tgz,3
2026-10-03,kyverno,3.3.52,False,kyverno-3.3.52.tgz,118
2026-10-03,kyverno,3.3.52-rc.4,False,kyverno-3.3.52-rc.4.tgz,6
2026-10-03,kyverno,3.6.19,False,kyverno-3.6.19.tgz,47
2026-10-03,reports-server,0.3.0,False,reports-server-0.3.0.tgz,13
2026-10-03,reports-server,0.2.30,False,reports-server-0.2.30.tgz,23
2026-10-03,kyverno,3.7.7-rc.1,False,kyverno-3.7.7-rc.1.tgz,3
2026-10-03,kyverno,3.6.19-rc.3,False,kyverno-3.6.19-rc.3.tgz,3
2026-10-03,reports-server,0.3.0-rc4,False,reports-server-0.3.0-rc4.tgz,14
2026-10-03,kyverno,3.7.6-rc.7,False,kyverno-3.7.6-rc.7.tgz,22
2026-10-03,kyverno,3.7.6,False,kyverno-3.7.6.tgz,651
2026-10-03,nirmata-agent,v0.2.8,False,nirmata-agent-v0.2.8.tgz,56
2026-10-03,kyverno,3.7.6-rc.6,False,kyverno-3.7.6-rc.6.tgz,10
2026-10-03,reports-server,0.3.0-rc3,False,reports-server-0.3.0-rc3.tgz,21
2026-10-03,kyverno,3.7.6-rc.5,False,kyverno-3.7.6-rc.5.tgz,4
2026-10-03,kyverno,3.7.6-rc.4,False,kyverno-3.7.6-rc.4.tgz,4
2026-10-03,nirmata-kyverno-operator,0.9.7,False,nirmata-kyverno-operator-0.9.7.tgz,7099
2026-10-03,kyverno,3.7.6-rc.3,False,kyverno-3.7.6-rc.3.tgz,4
2026-10-03,nirmata-kyverno-operator,0.9.6,False,nirmata-kyverno-operator-0.9.6.tgz,88
2026-10-03,kyverno,3.8.0-rc.1,False,kyverno-3.8.0-rc.1.tgz,3
2026-10-03,kyverno,3.7.6-rc.1,False,kyverno-3.7.6-rc.1.tgz,7
2026-10-03,nirmata-kyverno-operator,0.9.4,False,nirmata-kyverno-operator-0.9.4.tgz,317
2026-10-03,nirmata-agent,v0.2.7,False,nirmata-agent-v0.2.7.tgz,56
2026-10-03,kyverno,3.7.5-rc3,False,kyverno-3.7.5-rc3.tgz,3
2026-10-03,kyverno,3.7.5,False,kyverno-3.7.5.tgz,847
2026-10-03,kyverno,3.3.52-rc.3,False,kyverno-3.3.52-rc.3.tgz,2
2026-10-03,kyverno,3.3.52-rc.2,False,kyverno-3.3.52-rc.2.tgz,3
2026-10-03,kyverno,3.3.52-rc.1,False,kyverno-3.3.52-rc.1.tgz,3
2026-10-03,reports-server,0.2.30-rc2,False,reports-server-0.2.30-rc2.tgz,90
2026-10-03,kyverno,3.7.5-rc2,False,kyverno-3.7.5-rc2.tgz,4
2026-10-03,kyverno,3.6.19-rc.2,False,kyverno-3.6.19-rc.2.tgz,1
2026-10-03,reports-server,0.3.0-rc2,False,reports-server-0.3.0-rc2.tgz,21
2026-10-03,reports-server,0.3.0-rc1,False,reports-server-0.3.0-rc1.tgz,3
2026-10-03,reports-server,0.2.30-rc1,False,reports-server-0.2.30-rc1.tgz,4
2026-10-03,kyverno,3.7.5-rc1,False,kyverno-3.7.5-rc1.tgz,18
2026-10-03,nirmata-kube-controller,0.3.17,False,nirmata-kube-controller-0.3.17.tgz,8236
2026-10-03,nirmata-kube-controller,0.3.17-rc.3,False,nirmata-kube-controller-0.3.17-rc.3.tgz,2
2026-10-03,nirmata-kube-controller,0.3.17-rc.2,False,nirmata-kube-controller-0.3.17-rc.2.tgz,3
2026-10-03,nirmata-kube-controller,0.3.17-rc.1,False,nirmata-kube-controller-0.3.17-rc.1.tgz,4
2026-10-03,nirmata-agent,v0.2.7-rc.5,False,nirmata-agent-v0.2.7-rc.5.tgz,20
2026-10-03,nirmata-agent,v0.2.7-rc.4,False,nirmata-agent-v0.2.7-rc.4.tgz,3
2026-10-03,nirmata-agent,v0.2.7-rc.3,False,nirmata-agent-v0.2.7-rc.3.tgz,5
2026-10-03,kyverno,3.7.4-rc.7,False,kyverno-3.7.4-rc.7.tgz,3
2026-10-03,kyverno,3.7.4-rc.6,False,kyverno-3.7.4-rc.6.tgz,3
2026-10-03,kyverno,3.7.4,False,kyverno-3.7.4.tgz,822
2026-10-03,kyverno,3.6.19-rc.1,False,kyverno-3.6.19-rc.1.tgz,2
2026-10-03,kyverno,3.3.51-rc.2,False,kyverno-3.3.51-rc.2.tgz,3
2026-10-03,kyverno,3.3.51-rc.1,False,kyverno-3.3.51-rc.1.tgz,3
2026-10-03,kyverno,3.3.51,False,kyverno-3.3.51.tgz,36
2026-10-03,reports-server,0.2.29,False,reports-server-0.2.29.tgz,182
2026-10-03,kyverno,3.7.4-rc.5,False,kyverno-3.7.4-rc.5.tgz,1
2026-10-03,kyverno,3.7.4-rc.4,False,kyverno-3.7.4-rc.4.tgz,1
2026-10-03,kyverno,3.7.4-rc.2,False,kyverno-3.7.4-rc.2.tgz,3
2026-10-03,kyverno,3.7.4-rc.1,False,kyverno-3.7.4-rc.1.tgz,1
2026-10-03,kyverno,3.7.3,False,kyverno-3.7.3.tgz,250
2026-10-03,kyverno,3.6.18,False,kyverno-3.6.18.tgz,293
2026-10-03,kyverno,3.5.12,False,kyverno-3.5.12.tgz,495
2026-10-03,kyverno,3.4.17,False,kyverno-3.4.17.tgz,499
2026-10-03,kyverno,3.3.50,False,kyverno-3.3.50.tgz,274
2026-10-03,reports-server,0.2.28,False,reports-server-0.2.28.tgz,1952
2026-10-03,nirmata-kyverno-operator,0.9.3,False,nirmata-kyverno-operator-0.9.3.tgz,1256
2026-10-03,kyverno,3.3.49,False,kyverno-3.3.49.tgz,34
2026-10-03,nirmata-kyverno-operator,0.9.2,False,nirmata-kyverno-operator-0.9.2.tgz,166
2026-10-03,kyverno,3.7.2-rc.4,False,kyverno-3.7.2-rc.4.tgz,33
2026-10-03,kyverno,3.7.2,False,kyverno-3.7.2.tgz,154
2026-10-03,nirmata-kube-controller,0.3.16,False,nirmata-kube-controller-0.3.16.tgz,1298
2026-10-03,kyverno,3.6.18-rc.1,False,kyverno-3.6.18-rc.1.tgz,3
2026-10-03,kyverno,3.5.12-rc.2,False,kyverno-3.5.12-rc.2.tgz,3
2026-10-03,kyverno,3.4.17-rc.4,False,kyverno-3.4.17-rc.4.tgz,4
2026-10-03,nirmata-kube-controller,0.3.16-rc3,False,nirmata-kube-controller-0.3.16-rc3.tgz,3
2026-10-03,nirmata-kube-controller,0.3.16-rc2,False,nirmata-kube-controller-0.3.16-rc2.tgz,11
2026-10-03,nirmata-agent,v0.2.7-rc.2,False,nirmata-agent-v0.2.7-rc.2.tgz,16
2026-10-03,nirmata-agent,v0.2.7-rc.1,False,nirmata-agent-v0.2.7-rc.1.tgz,4
2026-10-03,nirmata-agent,v0.2.6,False,nirmata-agent-v0.2.6.tgz,8
2026-10-03,kyverno,3.4.17-rc.2,False,kyverno-3.4.17-rc.2.tgz,2
2026-10-03,nirmata-kyverno-operator-crd,0.8.3,False,nirmata-kyverno-operator-crd-0.8.3.tgz,1299
2026-10-03,nirmata-kyverno-operator,0.9.1,False,nirmata-kyverno-operator-0.9.1.tgz,432
2026-10-03,nirmata-kyverno-operator,0.9.0,False,nirmata-kyverno-operator-0.9.0.tgz,1
2026-10-03,nirmata-agent,v0.2.6-rc.7,False,nirmata-agent-v0.2.6-rc.7.tgz,3
2026-10-03,nirmata-agent,v0.2.6-rc.6,False,nirmata-agent-v0.2.6-rc.6.tgz,1
2026-10-03,kyverno,3.7.2-rc.3,False,kyverno-3.7.2-rc.3.tgz,1
2026-10-03,kyverno,3.7.2-rc.1,False,kyverno-3.7.2-rc.1.tgz,2
2026-10-03,kyverno,3.7.1,False,kyverno-3.7.1.tgz,310
2026-10-03,kyverno,3.5.12-rc.1,False,kyverno-3.5.12-rc.1.tgz,2
2026-10-03,kyverno,3.7.1-rc.2,False,kyverno-3.7.1-rc.2.tgz,4
2026-10-03,kyverno,3.7.1-rc.1,False,kyverno-3.7.1-rc.1.tgz,1
2026-10-03,nirmata-agent,v0.2.6-rc.4,False,nirmata-agent-v0.2.6-rc.4.tgz,11
2026-10-03,nirmata-agent,v0.2.6-rc.3,False,nirmata-agent-v0.2.6-rc.3.tgz,4
2026-10-03,reports-server,0.2.27,False,reports-server-0.2.27.tgz,1750
2026-10-03,reports-server,0.2.26,False,reports-server-0.2.26.tgz,27
2026-10-03,kyverno,3.6.17,False,kyverno-3.6.17.tgz,139
2026-10-03,kyverno,3.6.17-rc2,False,kyverno-3.6.17-rc2.tgz,45
2026-10-03,reports-server,0.2.26-rc1,False,reports-server-0.2.26-rc1.tgz,50
2026-10-03,kyverno,3.6.17-rc1,False,kyverno-3.6.17-rc1.tgz,36
2026-10-03,reports-server,0.2.25,False,reports-server-0.2.25.tgz,681
2026-10-03,reports-server,0.2.24,False,reports-server-0.2.24.tgz,79
2026-10-03,kyverno,3.6.16,False,kyverno-3.6.16.tgz,104
2026-10-03,reports-server,0.2.23-rc9.1,False,reports-server-0.2.23-rc9.1.tgz,4
2026-10-03,reports-server,0.2.23-rc9,False,reports-server-0.2.23-rc9.tgz,20
2026-10-03,kyverno,3.3.49-rc9.8,False,kyverno-3.3.49-rc9.8.tgz,18
2026-10-03,kyverno,3.3.49-rc9.7,False,kyverno-3.3.49-rc9.7.tgz,40
2026-10-03,kyverno,3.3.49-rc9.6,False,kyverno-3.3.49-rc9.6.tgz,11
2026-10-03,kyverno,3.6.15,False,kyverno-3.6.15.tgz,112
2026-10-03,kyverno,3.3.49-rc9.5,False,kyverno-3.3.49-rc9.5.tgz,9
2026-10-03,kyverno,3.3.49-rc9.4,False,kyverno-3.3.49-rc9.4.tgz,11
2026-10-03,kyverno,3.3.49-rc9.2,False,kyverno-3.3.49-rc9.2.tgz,29
2026-10-03,nirmata-kyverno-operator,0.9.0-rc.2,False,nirmata-kyverno-operator-0.9.0-rc.2.tgz,3
2026-10-03,reports-server,0.2.23-rc8,False,reports-server-0.2.23-rc8.tgz,135
2026-10-03,reports-server,0.2.23-rc7,False,reports-server-0.2.23-rc7.tgz,265
2026-10-03,reports-server,0.2.23,False,reports-server-0.2.23.tgz,82
2026-10-03,nirmata-kube-controller,0.3.16-rc1,False,nirmata-kube-controller-0.3.16-rc1.tgz,11
2026-10-03,nirmata-agent,v0.2.6-rc.2,False,nirmata-agent-v0.2.6-rc.2.tgz,4
2026-10-03,kyverno,3.6.14,False,kyverno-3.6.14.tgz,40
2026-10-03,kyverno,3.3.49-rc9.1,False,kyverno-3.3.49-rc9.1.tgz,163
2026-10-03,kyverno,3.3.49-rc9,False,kyverno-3.3.49-rc9.tgz,74
2026-10-03,reports-server,0.2.23-rc6,False,reports-server-0.2.23-rc6.tgz,27
2026-10-03,kyverno,3.3.49-rc8,False,kyverno-3.3.49-rc8.tgz,19
2026-10-03,reports-server,0.2.23-rc4,False,reports-server-0.2.23-rc4.tgz,23
2026-10-03,nirmata-kyverno-operator,0.9.0-rc.1,False,nirmata-kyverno-operator-0.9.0-rc.1.tgz,10
2026-10-03,kyverno,3.3.49-rc7,False,kyverno-3.3.49-rc7.tgz,31
2026-10-03,kyverno,3.3.49-rc6,False,kyverno-3.3.49-rc6.tgz,86
2026-10-03,reports-server,0.2.23-rc3,False,reports-server-0.2.23-rc3.tgz,48
2026-10-03,kyverno,3.5.11,False,kyverno-3.5.11.tgz,17
2026-10-03,kyverno,3.4.16,False,kyverno-3.4.16.tgz,13
2026-10-03,kyverno,3.3.49-rc5,False,kyverno-3.3.49-rc5.tgz,35
2026-10-03,kyverno,3.3.49-rc4,False,kyverno-3.3.49-rc4.tgz,10
2026-10-03,kyverno,3.3.49-rc3,False,kyverno-3.3.49-rc3.tgz,25
2026-10-03,nirmata-kube-controller,0.3.15,False,nirmata-kube-controller-0.3.15.tgz,10352
2026-10-03,kyverno,3.6.13,False,kyverno-3.6.13.tgz,12604
2026-10-03,kyverno,3.6.12,False,kyverno-3.6.12.tgz,30
2026-10-03,nirmata-kyverno-operator,0.8.13-rc.1,False,nirmata-kyverno-operator-0.8.13-rc.1.tgz,3
2026-10-03,nirmata-agent,v0.2.6-rc.1,False,nirmata-agent-v0.2.6-rc.1.tgz,4
2026-10-03,reports-server,0.2.23-rc2,False,reports-server-0.2.23-rc2.tgz,14
2026-10-03,reports-server,0.2.23-rc1,False,reports-server-0.2.23-rc1.tgz,2
2026-10-03,kyverno,3.3.49-rc2,False,kyverno-3.3.49-rc2.tgz,15
2026-10-03,kyverno,3.3.49-rc1,False,kyverno-3.3.49-rc1.tgz,17
2026-10-03,nirmata-kube-controller,0.3.14,False,nirmata-kube-controller-0.3.14.tgz,163
2026-10-03,reports-server,0.2.22,False,reports-server-0.2.22.tgz,91
2026-10-03,kyverno,3.3.48,False,kyverno-3.3.48.tgz,24
2026-10-03,reports-server,0.2.21,False,reports-server-0.2.21.tgz,2345
2026-10-03,kyverno,3.6.9,False,kyverno-3.6.9.tgz,16
2026-10-03,kyverno,3.6.11,False,kyverno-3.6.11.tgz,100
2026-10-03,kyverno,3.6.10,False,kyverno-3.6.10.tgz,4
2026-10-03,reports-server,0.2.20,False,reports-server-0.2.20.tgz,1198
2026-10-03,reports-server,0.2.19,False,reports-server-0.2.19.tgz,23
2026-10-03,reports-server,0.2.18,False,reports-server-0.2.18.tgz,23
2026-10-03,kyverno,3.6.8,False,kyverno-3.6.8.tgz,31
2026-10-03,kyverno,3.3.47,False,kyverno-3.3.47.tgz,25
2026-10-03,kyverno,3.3.46,False,kyverno-3.3.46.tgz,30
2026-10-03,kyverno,3.3.45,False,kyverno-3.3.45.tgz,27
2026-10-03,kyverno,3.2.14,False,kyverno-3.2.14.tgz,11
2026-10-03,cloud-controller,v0.4.1,False,cloud-controller-v0.4.1.tgz,10
2026-10-03,kyverno,3.7.0,False,kyverno-3.7.0.tgz,820
2026-10-03,nirmata-agent,0.2.5,False,nirmata-agent-0.2.5.tgz,13
2026-10-03,nirmata-kyverno-operator,0.8.12,False,nirmata-kyverno-operator-0.8.12.tgz,13124
2026-10-03,nirmata-kyverno-operator-crd,0.8.2,False,nirmata-kyverno-operator-crd-0.8.2.tgz,295
2026-10-03,nirmata-kyverno-operator,0.8.11,False,nirmata-kyverno-operator-0.8.11.tgz,83
2026-10-03,nirmata-kyverno-operator,0.8.10,False,nirmata-kyverno-operator-0.8.10.tgz,6
2026-10-03,kyverno,3.5.10,False,kyverno-3.5.10.tgz,17
2026-10-03,kyverno,3.4.15,False,kyverno-3.4.15.tgz,16
2026-10-03,nirmata-kube-controller,0.3.12,False,nirmata-kube-controller-0.3.12.tgz,3587
2026-10-03,nirmata-kube-controller,0.3.11,False,nirmata-kube-controller-0.3.11.tgz,41
2026-10-03,reports-server,0.2.17,False,reports-server-0.2.17.tgz,1327
2026-10-03,kyverno,3.6.7,False,kyverno-3.6.7.tgz,262
2026-10-03,reports-server,0.2.16,False,reports-server-0.2.16.tgz,1787
2026-10-03,reports-server,0.2.15,False,reports-server-0.2.15.tgz,5
2026-10-03,nirmata-kube-controller,0.3.11-rc1,False,nirmata-kube-controller-0.3.11-rc1.tgz,7
2026-10-03,nirmata-kube-controller,0.3.10,False,nirmata-kube-controller-0.3.10.tgz,89
2026-10-03,kyverno,3.6.6,False,kyverno-3.6.6.tgz,36
2026-10-03,nirmata-agent,0.2.4,False,nirmata-agent-0.2.4.tgz,5
2026-10-03,kyverno,3.5.9,False,kyverno-3.5.9.tgz,9
2026-10-03,kyverno,3.4.14,False,kyverno-3.4.14.tgz,6
2026-10-03,nirmata-agent,0.2.4-rc.3,False,nirmata-agent-0.2.4-rc.3.tgz,5
2026-10-03,nirmata-agent,0.2.4-rc.2,False,nirmata-agent-0.2.4-rc.2.tgz,2
2026-10-03,kyverno,3.6.5,False,kyverno-3.6.5.tgz,91
2026-10-03,nirmata-kube-controller,0.3.10-rc2,False,nirmata-kube-controller-0.3.10-rc2.tgz,7
2026-10-03,kyverno,3.3.44,False,kyverno-3.3.44.tgz,54
2026-10-03,kyverno,3.3.43,False,kyverno-3.3.43.tgz,21
2026-10-03,kyverno,3.7.0-rc.2,False,kyverno-3.7.0-rc.2.tgz,88
2026-10-03,kyverno,3.7.0-rc.1,False,kyverno-3.7.0-rc.1.tgz,24
2026-10-03,cloud-controller,v0.4.1-rc7,False,cloud-controller-v0.4.1-rc7.tgz,9
2026-10-03,nirmata-agent,0.2.4-rc.1,False,nirmata-agent-0.2.4-rc.1.tgz,7
2026-10-03,cloud-controller,v0.4.1-rc6,False,cloud-controller-v0.4.1-rc6.tgz,6
2026-10-03,cloud-controller,v0.4.1-rc5,False,cloud-controller-v0.4.1-rc5.tgz,11
2026-10-03,nirmata-agent,0.2.3,False,nirmata-agent-0.2.3.tgz,22
2026-10-03,kyverno,3.6.4,False,kyverno-3.6.4.tgz,461
2026-10-03,nirmata-agent,0.2.3-rc.3,False,nirmata-agent-0.2.3-rc.3.tgz,3
2026-10-03,nirmata-agent,0.2.3-rc.2,False,nirmata-agent-0.2.3-rc.2.tgz,4
2026-10-03,kyverno,3.6.4-rc.1,False,kyverno-3.6.4-rc.1.tgz,24
2026-10-03,nirmata-kyverno-operator,0.8.9,False,nirmata-kyverno-operator-0.8.9.tgz,1221
2026-10-03,kyverno,3.6.3,False,kyverno-3.6.3.tgz,137
2026-10-03,kyverno,3.5.8,False,kyverno-3.5.8.tgz,7
2026-10-03,kyverno,3.4.13,False,kyverno-3.4.13.tgz,5
2026-10-03,kyverno,3.3.42,False,kyverno-3.3.42.tgz,26
2026-10-03,cloud-controller,v0.4.1-rc4,False,cloud-controller-v0.4.1-rc4.tgz,6
2026-10-03,kyverno,3.4.12,False,kyverno-3.4.12.tgz,6
2026-10-03,kyverno,3.3.41,False,kyverno-3.3.41.tgz,18
2026-10-03,reports-server,0.2.14-rc2,False,reports-server-0.2.14-rc2.tgz,2395
2026-10-03,nirmata-agent,0.2.3-rc.1,False,nirmata-agent-0.2.3-rc.1.tgz,8
2026-10-03,kyverno,3.6.2-rc.2,False,kyverno-3.6.2-rc.2.tgz,4
2026-10-03,kyverno,3.6.2,False,kyverno-3.6.2.tgz,223
2026-10-03,kyverno,3.5.7-rc2,False,kyverno-3.5.7-rc2.tgz,8
2026-10-03,kyverno,3.5.7,False,kyverno-3.5.7.tgz,6
2026-10-03,reports-server,0.2.14-rc1,False,reports-server-0.2.14-rc1.tgz,31
2026-10-03,remediator-agent,0.2.2-rc.6,False,remediator-agent-0.2.2-rc.6.tgz,15
2026-10-03,kyverno,3.3.41-rc1,False,kyverno-3.3.41-rc1.tgz,14
2026-10-03,kyverno,3.6.2-rc.1,False,kyverno-3.6.2-rc.1.tgz,12
2026-10-03,kyverno,3.6.1-rc.3,False,kyverno-3.6.1-rc.3.tgz,27
2026-10-03,kyverno,3.6.1,False,kyverno-3.6.1.tgz,97
2026-10-03,remediator-agent,0.2.2-rc.5,False,remediator-agent-0.2.2-rc.5.tgz,5
2026-10-03,remediator-agent,0.2.2-rc.4,False,remediator-agent-0.2.2-rc.4.tgz,4
2026-10-03,nirmata-kube-controller,0.3.10-rc1,False,nirmata-kube-controller-0.3.10-rc1.tgz,11
2026-10-03,kyverno,3.6.1-rc.2,False,kyverno-3.6.1-rc.2.tgz,4
2026-10-03,reports-server,0.2.13,False,reports-server-0.2.13.tgz,5248
2026-10-03,reports-server,0.2.12,False,reports-server-0.2.12.tgz,15
2026-10-03,remediator-agent,0.2.2-rc.3,False,remediator-agent-0.2.2-rc.3.tgz,7
2026-10-03,kyverno,3.3.40,False,kyverno-3.3.40.tgz,47
2026-10-03,kyverno,3.3.39,False,kyverno-3.3.39.tgz,24
2026-10-03,kyverno,3.3.39-rc18,False,kyverno-3.3.39-rc18.tgz,37
2026-10-03,kyverno,3.3.39-rc17,False,kyverno-3.3.39-rc17.tgz,2
2026-10-03,kyverno,3.3.39-rc16,False,kyverno-3.3.39-rc16.tgz,13
2026-10-03,kyverno,3.3.39-rc14,False,kyverno-3.3.39-rc14.tgz,22
2026-10-03,kyverno,3.3.39-rc13,False,kyverno-3.3.39-rc13.tgz,12
2026-10-03,kyverno,3.3.39-rc12,False,kyverno-3.3.39-rc12.tgz,3
2026-10-03,kyverno,3.3.39-rc7,False,kyverno-3.3.39-rc7.tgz,18
2026-10-03,kyverno,3.3.39-rc6,False,kyverno-3.3.39-rc6.tgz,15
2026-10-03,kyverno,3.3.39-rc5,False,kyverno-3.3.39-rc5.tgz,8
2026-10-03,kyverno,3.3.39-rc11,False,kyverno-3.3.39-rc11.tgz,33
2026-10-03,kyverno,3.3.39-rc10,False,kyverno-3.3.39-rc10.tgz,27
2026-10-03,remediator-agent,0.2.1,False,remediator-agent-0.2.1.tgz,24
2026-10-03,remediator-agent,0.2.2-rc.1,False,remediator-agent-0.2.2-rc.1.tgz,17
2026-10-03,kyverno,3.3.39-rc4,False,kyverno-3.3.39-rc4.tgz,26
2026-10-03,cloud-controller,v0.4.1-rc3,False,cloud-controller-v0.4.1-rc3.tgz,8
2026-10-03,reports-server,0.2.11,False,reports-server-0.2.11.tgz,48
2026-10-03,remediator-agent,0.2.1-rc.4,False,remediator-agent-0.2.1-rc.4.tgz,6
2026-10-03,remediator-agent,0.2.1-rc.3,False,remediator-agent-0.2.1-rc.3.tgz,3
2026-10-03,kyverno,3.3.39-rc3,False,kyverno-3.3.39-rc3.tgz,13
2026-10-03,kyverno,3.3.39-rc2,False,kyverno-3.3.39-rc2.tgz,3
2026-10-03,kyverno,3.3.39-rc1,False,kyverno-3.3.39-rc1.tgz,4
2026-10-03,reports-server,0.2.10,False,reports-server-0.2.10.tgz,25
2026-10-03,remediator-agent,0.2.1-rc.2,False,remediator-agent-0.2.1-rc.2.tgz,6
2026-10-03,kyverno,3.3.38-rc4,False,kyverno-3.3.38-rc4.tgz,4
2026-10-03,kyverno,3.3.38-rc3,False,kyverno-3.3.38-rc3.tgz,5
2026-10-03,kyverno,3.3.38,False,kyverno-3.3.38.tgz,109
2026-10-03,remediator-agent,0.2.1-rc.1,False,remediator-agent-0.2.1-rc.1.tgz,18
2026-10-03,kyverno,3.6.1-rc.1,False,kyverno-3.6.1-rc.1.tgz,6
2026-10-03,kyverno,3.5.6,False,kyverno-3.5.6.tgz,20
2026-10-03,kyverno,3.4.11,False,kyverno-3.4.11.tgz,9
2026-10-03,cloud-controller,v0.4.1-rc2,False,cloud-controller-v0.4.1-rc2.tgz,5
2026-10-03,reports-server,0.2.9,False,reports-server-0.2.9.tgz,110
2026-10-03,kyverno,3.3.38-rc2,False,kyverno-3.3.38-rc2.tgz,5
2026-10-03,nirmata-kyverno-operator,0.8.9-rc2,False,nirmata-kyverno-operator-0.8.9-rc2.tgz,6
2026-10-03,kyverno,3.6.0,False,kyverno-3.6.0.tgz,773
2026-10-03,reports-server,0.2.9-rc1,False,reports-server-0.2.9-rc1.tgz,16
2026-10-03,kyverno,3.6.0-rc.2,False,kyverno-3.6.0-rc.2.tgz,3
2026-10-03,kyverno,3.5.6-rc2,False,kyverno-3.5.6-rc2.tgz,3
2026-10-03,kyverno,3.4.11-rc2,False,kyverno-3.4.11-rc2.tgz,5
2026-10-03,kyverno,3.3.38-rc1,False,kyverno-3.3.38-rc1.tgz,4
2026-10-03,reports-server,0.2.8,False,reports-server-0.2.8.tgz,42
2026-10-03,kyverno,3.3.37,False,kyverno-3.3.37.tgz,58
2026-10-03,remediator-agent,0.2.0-rc9.6,False,remediator-agent-0.2.0-rc9.6.tgz,6
2026-10-03,remediator-agent,0.2.0,False,remediator-agent-0.2.0.tgz,21
2026-10-03,remediator-agent,0.2.0-rc9.5,False,remediator-agent-0.2.0-rc9.5.tgz,7
2026-10-03,remediator-agent,0.2.0-rc9.4,False,remediator-agent-0.2.0-rc9.4.tgz,3
2026-10-03,reports-server,0.2.8-rc3,False,reports-server-0.2.8-rc3.tgz,47
2026-10-03,kyverno,3.6.0-rc.1,False,kyverno-3.6.0-rc.1.tgz,5
2026-10-03,kyverno,3.3.37-rc1,False,kyverno-3.3.37-rc1.tgz,4
2026-10-03,reports-server,0.2.8-rc2,False,reports-server-0.2.8-rc2.tgz,11
2026-10-03,kyverno,3.3.36-rc2,False,kyverno-3.3.36-rc2.tgz,7
2026-10-03,kyverno,3.3.36,False,kyverno-3.3.36.tgz,25
2026-10-03,kyverno,3.3.36-rc1,False,kyverno-3.3.36-rc1.tgz,16
2026-10-03,remediator-agent,0.2.0-rc9.3,False,remediator-agent-0.2.0-rc9.3.tgz,5
2026-10-03,remediator-agent,0.2.0-rc9.2,False,remediator-agent-0.2.0-rc9.2.tgz,118
2026-10-03,nirmata-kyverno-operator,0.8.9-rc1,False,nirmata-kyverno-operator-0.8.9-rc1.tgz,6
2026-10-03,kyverno,3.5.6-rc1,False,kyverno-3.5.6-rc1.tgz,7
2026-10-03,reports-server,0.2.8-rc1,False,reports-server-0.2.8-rc1.tgz,8
2026-10-03,remediator-agent,0.2.0-rc9.1,False,remediator-agent-0.2.0-rc9.1.tgz,7
2026-10-03,kyverno,3.4.11-rc1,False,kyverno-3.4.11-rc1.tgz,10
2026-10-03,remediator-agent,0.2.0-rc9,False,remediator-agent-0.2.0-rc9.tgz,8
2026-10-03,nirmata-kube-controller,0.3.9,False,nirmata-kube-controller-0.3.9.tgz,5107
2026-10-03,kyverno,3.5.5-rc1,False,kyverno-3.5.5-rc1.tgz,11
2026-10-03,kyverno,3.5.5,False,kyverno-3.5.5.tgz,1306
2026-10-03,kyverno,3.5.4,False,kyverno-3.5.4.tgz,32
2026-10-03,cloud-controller,v0.4.1-rc1,False,cloud-controller-v0.4.1-rc1.tgz,7
2026-10-03,kyverno,3.5.3,False,kyverno-3.5.3.tgz,98
2026-10-03,kyverno,3.5.3-rc2,False,kyverno-3.5.3-rc2.tgz,57
2026-10-03,kyverno,3.4.10,False,kyverno-3.4.10.tgz,54
2026-10-03,kyverno,3.4.10-rc1,False,kyverno-3.4.10-rc1.tgz,46
2026-10-03,remediator-agent,0.2.0-rc8,False,remediator-agent-0.2.0-rc8.tgz,7
2026-10-03,remediator-agent,0.2.0-rc6,False,remediator-agent-0.2.0-rc6.tgz,8
2026-10-03,nirmata-kube-controller,0.3.9-rc1,False,nirmata-kube-controller-0.3.9-rc1.tgz,7
2026-10-03,reports-server,0.2.7,False,reports-server-0.2.7.tgz,147
2026-10-03,kyverno,3.5.2,False,kyverno-3.5.2.tgz,1868
2026-10-03,nirmata-kyverno-operator,0.8.8,False,nirmata-kyverno-operator-0.8.8.tgz,4855
2026-10-03,kyverno,3.4.9,False,kyverno-3.4.9.tgz,68
2026-10-03,nirmata-kyverno-operator,0.8.8-rc1,False,nirmata-kyverno-operator-0.8.8-rc1.tgz,11
2026-10-03,kyverno,3.5.1,False,kyverno-3.5.1.tgz,71
2026-10-03,remediator-agent,0.2.0-rc5,False,remediator-agent-0.2.0-rc5.tgz,7
2026-10-03,nirmata-kube-controller,0.3.8,False,nirmata-kube-controller-0.3.8.tgz,1063
2026-10-03,kyverno,3.5.1-rc1,False,kyverno-3.5.1-rc1.tgz,8
2026-10-03,kyverno,3.4.9-rc4,False,kyverno-3.4.9-rc4.tgz,6
2026-10-03,kyverno,3.4.9-rc3,False,kyverno-3.4.9-rc3.tgz,10
2026-10-03,kyverno,3.4.9-rc2,False,kyverno-3.4.9-rc2.tgz,7
2026-10-03,kyverno,3.4.9-rc1,False,kyverno-3.4.9-rc1.tgz,6
2026-10-03,kyverno,3.5.0-rc2,False,kyverno-3.5.0-rc2.tgz,7
2026-10-03,kyverno,3.4.8,False,kyverno-3.4.8.tgz,254
2026-10-03,kyverno,3.5.0-rc1,False,kyverno-3.5.0-rc1.tgz,8
2026-10-03,kyverno,3.4.8-rc1,False,kyverno-3.4.8-rc1.tgz,6
2026-10-03,kyverno,3.3.35,False,kyverno-3.3.35.tgz,21
2026-10-03,reports-server,0.2.6,False,reports-server-0.2.6.tgz,194
2026-10-03,reports-server,0.2.5,False,reports-server-0.2.5.tgz,10
2026-10-03,nirmata-kyverno-operator-crd,0.8.1,False,nirmata-kyverno-operator-crd-0.8.1.tgz,1553
2026-10-03,nirmata-kyverno-operator,0.8.7,False,nirmata-kyverno-operator-0.8.7.tgz,574
2026-10-03,nirmata-kube-controller,0.3.8-rc3,False,nirmata-kube-controller-0.3.8-rc3.tgz,7
2026-10-03,kyverno,3.3.34,False,kyverno-3.3.34.tgz,63
2026-10-03,reports-server,0.2.4-rc1,False,reports-server-0.2.4-rc1.tgz,7
2026-10-03,remediator-agent,0.2.0-rc4,False,remediator-agent-0.2.0-rc4.tgz,1737
2026-10-03,remediator-agent,0.2.0-rc2,False,remediator-agent-0.2.0-rc2.tgz,7
2026-10-03,nirmata-kyverno-operator-crd,0.8.1-rc1,False,nirmata-kyverno-operator-crd-0.8.1-rc1.tgz,6
2026-10-03,nirmata-kyverno-operator,0.8.7-rc1,False,nirmata-kyverno-operator-0.8.7-rc1.tgz,6
2026-10-03,kyverno,3.3.34-rc2,False,kyverno-3.3.34-rc2.tgz,16
2026-10-03,remediator-agent,0.2.0-rc1,False,remediator-agent-0.2.0-rc1.tgz,7
2026-10-03,nirmata-kube-controller,0.3.8-rc2,False,nirmata-kube-controller-0.3.8-rc2.tgz,7
2026-10-03,kyverno,3.3.34-rc1,False,kyverno-3.3.34-rc1.tgz,9
2026-10-03,kyverno,3.4.7,False,kyverno-3.4.7.tgz,324
2026-10-03,kyverno,3.4.6,False,kyverno-3.4.6.tgz,17
2026-10-03,kyverno,3.4.5-rc2,False,kyverno-3.4.5-rc2.tgz,9
2026-10-03,kyverno,3.4.5,False,kyverno-3.4.5.tgz,8
2026-10-03,kyverno,3.3.33,False,kyverno-3.3.33.tgz,30
2026-10-03,kyverno,3.3.32,False,kyverno-3.3.32.tgz,16
2026-10-03,remediator-agent,0.1.0-rc2,False,remediator-agent-0.1.0-rc2.tgz,13
2026-10-03,remediator-agent,0.1.0-rc1,False,remediator-agent-0.1.0-rc1.tgz,22
2026-10-03,kyverno,3.4.5-rc1,False,kyverno-3.4.5-rc1.tgz,7
2026-10-03,kyverno,3.3.32-rc1,False,kyverno-3.3.32-rc1.tgz,8
2026-10-03,kyverno,3.3.31-rc3,False,kyverno-3.3.31-rc3.tgz,19
2026-10-03,kyverno,3.3.31,False,kyverno-3.3.31.tgz,113
2026-10-03,nirmata-kube-controller,0.3.8-rc1,False,nirmata-kube-controller-0.3.8-rc1.tgz,6
2026-10-03,kyverno,3.4.4,False,kyverno-3.4.4.tgz,234
2026-10-03,kyverno,3.3.31-rc2,False,kyverno-3.3.31-rc2.tgz,12
2026-10-03,kyverno,3.3.31-rc1,False,kyverno-3.3.31-rc1.tgz,6
2026-10-03,kyverno,3.3.30,False,kyverno-3.3.30.tgz,12744
2026-10-03,nirmata-kyverno-operator,0.8.6,False,nirmata-kyverno-operator-0.8.6.tgz,13490
2026-10-03,nirmata-kube-controller,0.3.7,False,nirmata-kube-controller-0.3.7.tgz,13704
2026-10-03,nirmata-kube-controller,0.3.7-rc1,False,nirmata-kube-controller-0.3.7-rc1.tgz,17
2026-10-03,kyverno,3.4.4-rc1,False,kyverno-3.4.4-rc1.tgz,13
2026-10-03,kyverno,3.3.30-rc1,False,kyverno-3.3.30-rc1.tgz,14
2026-10-03,nirmata-kyverno-operator,0.8.5,False,nirmata-kyverno-operator-0.8.5.tgz,390
2026-10-03,nirmata-kyverno-operator,0.8.4-rc2,False,nirmata-kyverno-operator-0.8.4-rc2.tgz,9
2026-10-03,nirmata-kyverno-operator,0.8.4,False,nirmata-kyverno-operator-0.8.4.tgz,0
2026-10-03,nirmata-kube-controller,0.3.6-rc2,False,nirmata-kube-controller-0.3.6-rc2.tgz,8
2026-10-03,nirmata-kube-controller,0.3.6,False,nirmata-kube-controller-0.3.6.tgz,310
2026-10-03,kyverno,3.4.3,False,kyverno-3.4.3.tgz,363
2026-10-03,kyverno,3.3.29,False,kyverno-3.3.29.tgz,65
2026-10-03,kyverno,3.3.28,False,kyverno-3.3.28.tgz,0
2026-10-03,nirmata-kube-controller,0.3.6-rc1,False,nirmata-kube-controller-0.3.6-rc1.tgz,7
2026-10-03,kyverno,3.3.28-alpha5,False,kyverno-3.3.28-alpha5.tgz,10
2026-10-03,kyverno,3.3.28-rc2,False,kyverno-3.3.28-rc2.tgz,17
2026-10-03,nirmata-kyverno-operator,0.8.4-rc1,False,nirmata-kyverno-operator-0.8.4-rc1.tgz,12
2026-10-03,kyverno,3.4.3-rc1,False,kyverno-3.4.3-rc1.tgz,15
2026-10-03,kyverno,3.3.28-rc1,False,kyverno-3.3.28-rc1.tgz,8
2026-10-03,nirmata-kyverno-operator,0.8.3,False,nirmata-kyverno-operator-0.8.3.tgz,289
2026-10-03,cloud-controller,v0.4.0,False,cloud-controller-v0.4.0.tgz,45
2026-10-03,nirmata-kube-controller,0.3.5-rc1,False,nirmata-kube-controller-0.3.5-rc1.tgz,8
2026-10-03,nirmata-kube-controller,0.3.5,False,nirmata-kube-controller-0.3.5.tgz,451
2026-10-03,nirmata-kube-controller,0.3.4,False,nirmata-kube-controller-0.3.4.tgz,9
2026-10-03,kyverno,3.3.28-alpha1,False,kyverno-3.3.28-alpha1.tgz,31
2026-10-03,nirmata-kube-controller,0.3.4-rc2,False,nirmata-kube-controller-0.3.4-rc2.tgz,8
2026-10-03,kyverno,3.4.2-rc3,False,kyverno-3.4.2-rc3.tgz,6
2026-10-03,kyverno,3.4.2-rc2,False,kyverno-3.4.2-rc2.tgz,6
2026-10-03,kyverno,3.4.2,False,kyverno-3.4.2.tgz,728
2026-10-03,kyverno,3.3.27,False,kyverno-3.3.27.tgz,72
2026-10-03,kyverno,3.3.26-rc1,False,kyverno-3.3.26-rc1.tgz,0
2026-10-03,kyverno,3.3.26,False,kyverno-3.3.26.tgz,12
2026-10-03,nirmata-kube-controller,0.3.4-rc1,False,nirmata-kube-controller-0.3.4-rc1.tgz,9
2026-10-03,kyverno,3.4.2-rc1,False,kyverno-3.4.2-rc1.tgz,15
2026-10-03,kyverno,3.4.1-rc1,False,kyverno-3.4.1-rc1.tgz,8
2026-10-03,kyverno,3.4.1,False,kyverno-3.4.1.tgz,1881
2026-10-03,kyverno,3.3.25-rc1,False,kyverno-3.3.25-rc1.tgz,7
2026-10-03,kyverno,3.3.25,False,kyverno-3.3.25.tgz,1721
2026-10-03,kyverno,3.4.0,False,kyverno-3.4.0.tgz,33
2026-10-03,kyverno,3.4.0-rc2,False,kyverno-3.4.0-rc2.tgz,47
2026-10-03,nirmata-kube-controller,0.3.3,False,nirmata-kube-controller-0.3.3.tgz,118
2026-10-03,kyverno,3.3.24,False,kyverno-3.3.24.tgz,143
2026-10-03,cloud-controller,v0.3.2,False,cloud-controller-v0.3.2.tgz,10
2026-10-03,cloud-controller,v0.3.1,False,cloud-controller-v0.3.1.tgz,0
2026-10-03,kyverno,3.3.23,False,kyverno-3.3.23.tgz,52
2026-10-03,nirmata-kube-controller,0.3.2,False,nirmata-kube-controller-0.3.2.tgz,95
2026-10-03,kyverno,3.3.23-rc1,False,kyverno-3.3.23-rc1.tgz,9
2026-10-03,nirmata-kyverno-operator,0.8.2,False,nirmata-kyverno-operator-0.8.2.tgz,301
2026-10-03,kyverno,3.3.22,False,kyverno-3.3.22.tgz,120
2026-10-03,kyverno,3.3.21,False,kyverno-3.3.21.tgz,40
2026-10-03,kyverno,3.2.13,False,kyverno-3.2.13.tgz,1718
2026-10-03,nirmata-kyverno-operator,0.8.1,False,nirmata-kyverno-operator-0.8.1.tgz,54
2026-10-03,nirmata-kyverno-operator-crd,0.8.0,False,nirmata-kyverno-operator-crd-0.8.0.tgz,382
2026-10-03,nirmata-kyverno-operator,0.8.0,False,nirmata-kyverno-operator-0.8.0.tgz,53
2026-10-03,nirmata-kube-controller,0.3.1,False,nirmata-kube-controller-0.3.1.tgz,165
2026-10-03,kyverno,3.4.0-rc1,False,kyverno-3.4.0-rc1.tgz,72
2026-10-03,cluster-registrator,0.1.21,False,cluster-registrator-0.1.21.tgz,802
2026-10-03,nirmata-kube-controller,0.2.9,False,nirmata-kube-controller-0.2.9.tgz,38
2026-10-03,nirmata-kube-controller,0.2.9-rc3,False,nirmata-kube-controller-0.2.9-rc3.tgz,32
2026-10-03,nirmata-kube-controller,0.2.9-rc2,False,nirmata-kube-controller-0.2.9-rc2.tgz,8
2026-10-03,nirmata-kube-controller,0.2.9-rc1,False,nirmata-kube-controller-0.2.9-rc1.tgz,10
2026-10-03,nirmata-kube-controller,0.2.8,False,nirmata-kube-controller-0.2.8.tgz,537
2026-10-03,nirmata-kyverno-operator,v0.8.0-rc.5,False,nirmata-kyverno-operator-v0.8.0-rc.5.tgz,24
2026-10-03,nirmata-kube-controller,0.2.8-rc9,False,nirmata-kube-controller-0.2.8-rc9.tgz,12
2026-10-03,nirmata-kube-controller,0.2.8-rc8,False,nirmata-kube-controller-0.2.8-rc8.tgz,8
2026-10-03,nirmata-kube-controller,0.2.8-dirty,False,nirmata-kube-controller-0.2.8-dirty.tgz,13
2026-10-03,cluster-registrator,0.1.20,False,cluster-registrator-0.1.20.tgz,15
2026-10-03,kyverno,3.3.20,False,kyverno-3.3.20.tgz,520
2026-10-03,cluster-registrator,0.1.19,False,cluster-registrator-0.1.19.tgz,11
2026-10-03,nirmata-kyverno-operator,v0.8.0-rc.4,False,nirmata-kyverno-operator-v0.8.0-rc.4.tgz,25
2026-10-03,nirmata-kube-controller,0.2.8-rc5,False,nirmata-kube-controller-0.2.8-rc5.tgz,27
2026-10-03,nirmata-kube-controller,0.2.8-rc4,False,nirmata-kube-controller-0.2.8-rc4.tgz,9
2026-10-03,nirmata-kube-controller,0.2.8-rc3,False,nirmata-kube-controller-0.2.8-rc3.tgz,7
2026-10-03,cluster-registrator,0.1.18,False,cluster-registrator-0.1.18.tgz,9
2026-10-03,nirmata-kyverno-operator,v0.8.0-rc.3,False,nirmata-kyverno-operator-v0.8.0-rc.3.tgz,11
2026-10-03,nirmata-kyverno-operator,v0.8.0-rc.2,False,nirmata-kyverno-operator-v0.8.0-rc.2.tgz,8
2026-10-03,nirmata-kube-controller,0.2.8-rc2,False,nirmata-kube-controller-0.2.8-rc2.tgz,16
2026-10-03,nirmata-kube-controller,0.2.8-rc1,False,nirmata-kube-controller-0.2.8-rc1.tgz,8
2026-10-03,kyverno,3.3.19,False,kyverno-3.3.19.tgz,148
2026-10-03,cluster-registrator,0.1.17,False,cluster-registrator-0.1.17.tgz,17
2026-10-03,nirmata-kube-controller,0.2.7,False,nirmata-kube-controller-0.2.7.tgz,182
2026-10-03,nirmata-kube-controller,0.2.6,False,nirmata-kube-controller-0.2.6.tgz,29
2026-10-03,nirmata-kube-controller,0.2.5,False,nirmata-kube-controller-0.2.5.tgz,25
2026-10-03,nirmata-kube-controller,0.2.4,False,nirmata-kube-controller-0.2.4.tgz,11
2026-10-03,nirmata-kube-controller,0.2.3,False,nirmata-kube-controller-0.2.3.tgz,10
2026-10-03,nirmata-kube-controller,0.2.2,False,nirmata-kube-controller-0.2.2.tgz,10
2026-10-03,nirmata-kyverno-operator,v0.8.0-rc.1,False,nirmata-kyverno-operator-v0.8.0-rc.1.tgz,10
2026-10-03,kyverno,3.3.18,False,kyverno-3.3.18.tgz,156
2026-10-03,kyverno,3.3.17,False,kyverno-3.3.17.tgz,110
2026-10-03,nirmata-kyverno-operator,v0.6.1-alpha1,False,nirmata-kyverno-operator-v0.6.1-alpha1.tgz,5
2026-10-03,nirmata-kube-controller,0.2.1,False,nirmata-kube-controller-0.2.1.tgz,157
2026-10-03,nirmata-kyverno-operator,v0.7.0,False,nirmata-kyverno-operator-v0.7.0.tgz,787
2026-10-03,nirmata-kyverno-operator,v0.5.11,False,nirmata-kyverno-operator-v0.5.11.tgz,0
2026-10-03,nirmata-kyverno-operator-crd,v0.7.0,False,nirmata-kyverno-operator-crd-v0.7.0.tgz,241
2026-10-03,nirmata-kyverno-operator-crd,v0.5.3,False,nirmata-kyverno-operator-crd-v0.5.3.tgz,0
2026-10-03,nirmata-kube-controller,0.2.0,False,nirmata-kube-controller-0.2.0.tgz,40
2026-10-03,kyverno,3.3.16,False,kyverno-3.3.16.tgz,126
2026-10-03,nirmata-kyverno-operator,v0.5.11-rc1,False,nirmata-kyverno-operator-v0.5.11-rc1.tgz,76
2026-10-03,nirmata-kube-controller,0.2.0-rc1,False,nirmata-kube-controller-0.2.0-rc1.tgz,92
2026-10-03,kyverno,3.3.15,False,kyverno-3.3.15.tgz,159
2026-10-03,nirmata-kube-controller,0.1.9,False,nirmata-kube-controller-0.1.9.tgz,27
2026-10-03,cloud-controller,v0.3.0,False,cloud-controller-v0.3.0.tgz,14
2026-10-03,kyverno,3.3.14,False,kyverno-3.3.14.tgz,145
2026-10-03,kyverno,3.3.13,False,kyverno-3.3.13.tgz,400
2026-10-03,nirmata-kube-controller,0.1.9-rc5,False,nirmata-kube-controller-0.1.9-rc5.tgz,16
2026-10-03,nirmata-kyverno-operator,v0.5.10-rc9,False,nirmata-kyverno-operator-v0.5.10-rc9.tgz,16
2026-10-03,nirmata-kyverno-operator,v0.5.10-rc8,False,nirmata-kyverno-operator-v0.5.10-rc8.tgz,11
2026-10-03,nirmata-kube-controller,0.1.9-rc4,False,nirmata-kube-controller-0.1.9-rc4.tgz,16
2026-10-03,nirmata-kyverno-operator,v0.5.10-rc7,False,nirmata-kyverno-operator-v0.5.10-rc7.tgz,11
2026-10-03,kyverno,3.3.12-rc1,False,kyverno-3.3.12-rc1.tgz,7
2026-10-03,kyverno,3.3.12,False,kyverno-3.3.12.tgz,107
2026-10-03,nirmata-kube-controller,0.1.9-rc3,False,nirmata-kube-controller-0.1.9-rc3.tgz,58
2026-10-03,kyverno,3.3.11,False,kyverno-3.3.11.tgz,275
2026-10-03,kyverno,3.3.11-rc1,False,kyverno-3.3.11-rc1.tgz,36
2026-10-03,nirmata-kube-controller,0.1.9-rc2,False,nirmata-kube-controller-0.1.9-rc2.tgz,14
2026-10-03,kyverno,3.3.10,False,kyverno-3.3.10.tgz,386
2026-10-03,nirmata-kube-controller,0.1.9-rc1,False,nirmata-kube-controller-0.1.9-rc1.tgz,9
2026-10-03,nirmata-kyverno-operator,v0.5.10-rc6,False,nirmata-kyverno-operator-v0.5.10-rc6.tgz,12
2026-10-03,nirmata-kyverno-operator,v0.5.10-rc5,False,nirmata-kyverno-operator-v0.5.10-rc5.tgz,12
2026-10-03,nirmata-kyverno-operator,v0.5.10-rc4,False,nirmata-kyverno-operator-v0.5.10-rc4.tgz,12
2026-10-03,nirmata-kyverno-operator,v0.5.10-rc3,False,nirmata-kyverno-operator-v0.5.10-rc3.tgz,10
2026-10-03,nirmata-kyverno-operator,v0.5.10-rc2,False,nirmata-kyverno-operator-v0.5.10-rc2.tgz,11
2026-10-03,nirmata-kyverno-operator,v0.5.10-rc1,False,nirmata-kyverno-operator-v0.5.10-rc1.tgz,10
2026-10-03,kyverno,3.3.9-rc1,False,kyverno-3.3.9-rc1.tgz,136
2026-10-03,kyverno,3.3.9,False,kyverno-3.3.9.tgz,500
2026-10-03,nirmata-kyverno-operator,v0.5.9,False,nirmata-kyverno-operator-v0.5.9.tgz,185
2026-10-03,cloud-controller,v0.2.0,False,cloud-controller-v0.2.0.tgz,36
2026-10-03,kyverno,3.3.8,False,kyverno-3.3.8.tgz,155
2026-10-03,kyverno,3.3.7,False,kyverno-3.3.7.tgz,19
2026-10-03,kyverno,3.3.6,False,kyverno-3.3.6.tgz,14
2026-10-03,nirmata-kyverno-operator,v0.5.8,False,nirmata-kyverno-operator-v0.5.8.tgz,102
2026-10-03,nirmata-kyverno-operator,v0.5.8-rc3,False,nirmata-kyverno-operator-v0.5.8-rc3.tgz,4
2026-10-03,kyverno,3.2.12,False,kyverno-3.2.12.tgz,292
2026-10-03,kyverno,3.2.11,False,kyverno-3.2.11.tgz,70
2026-10-03,cloud-controller,v0.2.0-rc2,False,cloud-controller-v0.2.0-rc2.tgz,15
2026-10-03,nirmata-kyverno-operator,v0.5.8-rc2,False,nirmata-kyverno-operator-v0.5.8-rc2.tgz,16
2026-10-03,nirmata-kyverno-operator,v0.5.8-rc1,False,nirmata-kyverno-operator-v0.5.8-rc1.tgz,14
2026-10-03,nirmata-kube-controller,0.1.8,False,nirmata-kube-controller-0.1.8.tgz,90
2026-10-03,nirmata-kyverno-operator,v0.6.0,False,nirmata-kyverno-operator-v0.6.0.tgz,1730
2026-10-03,nirmata-kyverno-operator,v0.5.7,False,nirmata-kyverno-operator-v0.5.7.tgz,24
2026-10-03,nirmata-kube-controller,0.1.7-rc4,False,nirmata-kube-controller-0.1.7-rc4.tgz,16
2026-10-03,nirmata-kube-controller,0.1.7,False,nirmata-kube-controller-0.1.7.tgz,17
2026-10-03,nirmata-kube-controller,0.1.7-rc3,False,nirmata-kube-controller-0.1.7-rc3.tgz,10
2026-10-03,cluster-registrator,0.1.17-rc5,False,cluster-registrator-0.1.17-rc5.tgz,22
2026-10-03,kyverno,3.3.5,False,kyverno-3.3.5.tgz,207
2026-10-03,cluster-registrator,0.1.17-rc4,False,cluster-registrator-0.1.17-rc4.tgz,20
2026-10-03,kyverno,3.3.5-rc2,False,kyverno-3.3.5-rc2.tgz,78
2026-10-03,kyverno,3.3.5-rc1,False,kyverno-3.3.5-rc1.tgz,51
2026-10-03,cluster-registrator,0.1.17-rc3,False,cluster-registrator-0.1.17-rc3.tgz,18
2026-10-03,cloud-controller,v0.0.7,False,cloud-controller-v0.0.7.tgz,24
2026-10-03,cluster-registrator,0.1.17-rc2,False,cluster-registrator-0.1.17-rc2.tgz,14
2026-10-03,kyverno,3.0.35,False,kyverno-3.0.35.tgz,22
2026-10-03,cluster-registrator,0.1.17-rc1,False,cluster-registrator-0.1.17-rc1.tgz,10
2026-10-03,kube-bench-adapter,v0.2.8-rc1,False,kube-bench-adapter-v0.2.8-rc1.tgz,11
2026-10-03,cloud-controller,v0.0.6,False,cloud-controller-v0.0.6.tgz,21
2026-10-03,cloud-controller,v0.0.5,False,cloud-controller-v0.0.5.tgz,20
2026-10-03,cloud-controller,v0.0.4,False,cloud-controller-v0.0.4.tgz,11
2026-10-03,nirmata-kyverno-operator,v0.5.6,False,nirmata-kyverno-operator-v0.5.6.tgz,380
2026-10-03,nirmata-kyverno-operator,v0.5.5,False,nirmata-kyverno-operator-v0.5.5.tgz,31
2026-10-03,kyverno,3.3.4,False,kyverno-3.3.4.tgz,346
2026-10-03,kyverno,3.3.4-rc1,False,kyverno-3.3.4-rc1.tgz,20
2026-10-03,kyverno,3.3.3-rc1,False,kyverno-3.3.3-rc1.tgz,18
2026-10-03,kyverno,3.3.3,False,kyverno-3.3.3.tgz,150
2026-10-03,kyverno,3.3.2-rc1,False,kyverno-3.3.2-rc1.tgz,18
2026-10-03,kyverno,3.3.2,False,kyverno-3.3.2.tgz,123
2026-10-03,cloud-controller,v0.0.3,False,cloud-controller-v0.0.3.tgz,26
2026-10-03,kyverno,3.3.1,False,kyverno-3.3.1.tgz,30
2026-10-03,kyverno,3.3.1-rc3,False,kyverno-3.3.1-rc3.tgz,33
2026-10-03,kyverno,3.3.1-rc2,False,kyverno-3.3.1-rc2.tgz,63
2026-10-03,cloud-controller,v0.0.2,False,cloud-controller-v0.0.2.tgz,21
2026-10-03,cloud-controller,v0.0.1,False,cloud-controller-v0.0.1.tgz,21
2026-10-03,nirmata-kyverno-operator,v0.5.5-rc4,False,nirmata-kyverno-operator-v0.5.5-rc4.tgz,56
2026-10-03,nirmata-kyverno-operator-crd,v0.5.3-rc2,False,nirmata-kyverno-operator-crd-v0.5.3-rc2.tgz,67
2026-10-03,kyverno,3.2.9,False,kyverno-3.2.9.tgz,573
2026-10-03,nirmata-kube-controller,0.1.7-rc2,False,nirmata-kube-controller-0.1.7-rc2.tgz,62
2026-10-03,nirmata-kube-controller,0.1.7-rc1,False,nirmata-kube-controller-0.1.7-rc1.tgz,23
2026-10-03,kyverno,3.3.1-rc1,False,kyverno-3.3.1-rc1.tgz,154
2026-10-03,kyverno,3.2.9-rc2,False,kyverno-3.2.9-rc2.tgz,35
2026-10-03,nirmata-kyverno-operator-crd,v0.5.3-rc1,False,nirmata-kyverno-operator-crd-v0.5.3-rc1.tgz,16
2026-10-03,nirmata-kyverno-operator-crd,v0.5.2,False,nirmata-kyverno-operator-crd-v0.5.2.tgz,2744
2026-10-03,nirmata-kyverno-operator,v0.5.5-rc3,False,nirmata-kyverno-operator-v0.5.5-rc3.tgz,67
2026-10-03,nirmata-kyverno-operator-crd,v0.5.1,False,nirmata-kyverno-operator-crd-v0.5.1.tgz,22
2026-10-03,nirmata-kube-controller,0.1.6,False,nirmata-kube-controller-0.1.6.tgz,69
2026-10-03,kyverno,3.3.0-rc9,False,kyverno-3.3.0-rc9.tgz,39
2026-10-03,kyverno,3.3.0-rc8,False,kyverno-3.3.0-rc8.tgz,38
2026-10-03,kyverno,3.3.0-rc7,False,kyverno-3.3.0-rc7.tgz,48
2026-10-03,kyverno,3.3.0-rc6,False,kyverno-3.3.0-rc6.tgz,32
2026-10-03,kyverno,3.3.0,False,kyverno-3.3.0.tgz,200
2026-10-03,nirmata-kyverno-operator,v0.5.5-rc2,False,nirmata-kyverno-operator-v0.5.5-rc2.tgz,48
2026-10-03,kyverno,3.3.0-rc5,False,kyverno-3.3.0-rc5.tgz,39
2026-10-03,kyverno,3.3.0-rc4,False,kyverno-3.3.0-rc4.tgz,13
2026-10-03,kyverno,3.2.9-rc1,False,kyverno-3.2.9-rc1.tgz,29
2026-10-03,kyverno,3.1.23-rc2,False,kyverno-3.1.23-rc2.tgz,43
2026-10-03,nirmata-kube-controller,0.1.5,False,nirmata-kube-controller-0.1.5.tgz,24
2026-10-03,nirmata-kyverno-operator,v0.4.21-rc1,False,nirmata-kyverno-operator-v0.4.21-rc1.tgz,34
2026-10-03,kyverno,3.1.23-rc1,False,kyverno-3.1.23-rc1.tgz,24
2026-10-03,kyverno,3.0.35-rc1,False,kyverno-3.0.35-rc1.tgz,32
2026-10-03,kyverno,3.3.0-rc3,False,kyverno-3.3.0-rc3.tgz,15
2026-10-03,nirmata-kyverno-operator,v0.5.5-rc1,False,nirmata-kyverno-operator-v0.5.5-rc1.tgz,77
2026-10-03,nirmata-kyverno-operator,v0.5.4-rc2,False,nirmata-kyverno-operator-v0.5.4-rc2.tgz,37
2026-10-03,nirmata-kyverno-operator,v0.5.4-rc1,False,nirmata-kyverno-operator-v0.5.4-rc1.tgz,15
2026-10-03,nirmata-kyverno-operator,v0.5.4,False,nirmata-kyverno-operator-v0.5.4.tgz,3202
2026-10-03,kyverno,3.2.8-rc1,False,kyverno-3.2.8-rc1.tgz,13
2026-10-03,kyverno,3.2.8,False,kyverno-3.2.8.tgz,209
2026-10-03,kyverno,3.3.0-rc2,False,kyverno-3.3.0-rc2.tgz,30
2026-10-03,kyverno,3.2.7,False,kyverno-3.2.7.tgz,38
2026-10-03,nirmata-kyverno-operator,v0.3.43-rc3,False,nirmata-kyverno-operator-v0.3.43-rc3.tgz,45
2026-10-03,nirmata-kyverno-operator,v0.5.3,False,nirmata-kyverno-operator-v0.5.3.tgz,224
2026-10-03,kyverno,3.2.7-rc2,False,kyverno-3.2.7-rc2.tgz,31
2026-10-03,nirmata-kyverno-operator,v0.5.3-rc4,False,nirmata-kyverno-operator-v0.5.3-rc4.tgz,39
2026-10-03,nirmata-kyverno-operator,v0.5.3-rc3,False,nirmata-kyverno-operator-v0.5.3-rc3.tgz,35
2026-10-03,nirmata-kyverno-operator,v0.5.3-rc2,False,nirmata-kyverno-operator-v0.5.3-rc2.tgz,24
2026-10-03,nirmata-kyverno-operator,v0.5.3-rc1,False,nirmata-kyverno-operator-v0.5.3-rc1.tgz,15
2026-10-03,kyverno,3.2.7-rc1,False,kyverno-3.2.7-rc1.tgz,51
2026-10-03,nirmata-kube-controller,0.1.4,False,nirmata-kube-controller-0.1.4.tgz,27
2026-10-03,nirmata-kyverno-operator,v0.3.43-rc2,False,nirmata-kyverno-operator-v0.3.43-rc2.tgz,38
2026-10-03,nirmata-kube-controller,0.1.3,False,nirmata-kube-controller-0.1.3.tgz,17
2026-10-03,cluster-registrator,0.1.16-rc2,False,cluster-registrator-0.1.16-rc2.tgz,17
2026-10-03,cluster-registrator,0.1.16,False,cluster-registrator-0.1.16.tgz,2071
2026-10-03,kyverno,3.2.6,False,kyverno-3.2.6.tgz,104
2026-10-03,kyverno,3.2.6-rc3,False,kyverno-3.2.6-rc3.tgz,41
2026-10-03,kyverno,3.2.6-rc2,False,kyverno-3.2.6-rc2.tgz,13
2026-10-03,kyverno,3.2.6-rc1,False,kyverno-3.2.6-rc1.tgz,29
2026-10-03,cluster-registrator,0.1.16-rc1,False,cluster-registrator-0.1.16-rc1.tgz,24
2026-10-03,nirmata-kyverno-operator,v0.5.2,False,nirmata-kyverno-operator-v0.5.2.tgz,530
2026-10-03,nirmata-kyverno-operator,v0.5.1-rc6,False,nirmata-kyverno-operator-v0.5.1-rc6.tgz,53
2026-10-03,nirmata-kyverno-operator,v0.5.1-rc5,False,nirmata-kyverno-operator-v0.5.1-rc5.tgz,43
2026-10-03,nirmata-kyverno-operator,v0.5.1-rc4,False,nirmata-kyverno-operator-v0.5.1-rc4.tgz,33
2026-10-03,nirmata-kyverno-operator,v0.5.1,False,nirmata-kyverno-operator-v0.5.1.tgz,11
2026-10-03,nirmata-kyverno-operator-crd,v0.5.0,False,nirmata-kyverno-operator-crd-v0.5.0.tgz,2928
2026-10-03,nirmata-kyverno-operator,v0.5.1-rc3,False,nirmata-kyverno-operator-v0.5.1-rc3.tgz,44
2026-10-03,nirmata-kyverno-operator,v0.5.1-rc2,False,nirmata-kyverno-operator-v0.5.1-rc2.tgz,66
2026-10-03,nirmata-kyverno-operator,v0.5.1-rc1,False,nirmata-kyverno-operator-v0.5.1-rc1.tgz,21
2026-10-03,nirmata-kyverno-operator,v0.4.20-rc1,False,nirmata-kyverno-operator-v0.4.20-rc1.tgz,58
2026-10-03,nirmata-kyverno-operator,v0.4.20,False,nirmata-kyverno-operator-v0.4.20.tgz,3747
2026-10-03,kyverno,3.2.5,False,kyverno-3.2.5.tgz,40
2026-10-03,kyverno,3.1.22-rc1,False,kyverno-3.1.22-rc1.tgz,27
2026-10-03,kyverno,3.1.22,False,kyverno-3.1.22.tgz,148
2026-10-03,kyverno,3.0.34,False,kyverno-3.0.34.tgz,79
2026-10-03,nirmata-kube-controller,0.1.2,False,nirmata-kube-controller-0.1.2.tgz,22
2026-10-03,kyverno,3.2.5-rc4,False,kyverno-3.2.5-rc4.tgz,44
2026-10-03,nirmata-kube-controller,0.1.1,False,nirmata-kube-controller-0.1.1.tgz,21
2026-10-03,nirmata-kube-controller,0.1.0,False,nirmata-kube-controller-0.1.0.tgz,52
2026-10-03,kyverno,3.2.5-rc3,False,kyverno-3.2.5-rc3.tgz,22
2026-10-03,kyverno,3.2.5-rc2,False,kyverno-3.2.5-rc2.tgz,15
2026-10-03,kyverno,3.2.5-rc1,False,kyverno-3.2.5-rc1.tgz,15
2026-10-03,kyverno,3.0.34-rc2,False,kyverno-3.0.34-rc2.tgz,48
2026-10-03,nirmata-kyverno-operator,v0.4.19-rc1,False,nirmata-kyverno-operator-v0.4.19-rc1.tgz,37
2026-10-03,nirmata-kyverno-operator,v0.4.19,False,nirmata-kyverno-operator-v0.4.19.tgz,731
2026-10-03,kyverno,3.1.21-rc1,False,kyverno-3.1.21-rc1.tgz,26
2026-10-03,kyverno,3.1.21,False,kyverno-3.1.21.tgz,954
2026-10-03,nirmata-kyverno-operator,v0.3.43-rc1,False,nirmata-kyverno-operator-v0.3.43-rc1.tgz,125
2026-10-03,kyverno,3.0.34-rc1,False,kyverno-3.0.34-rc1.tgz,39
2026-10-03,nirmata-kyverno-operator,v0.4.18,False,nirmata-kyverno-operator-v0.4.18.tgz,234
2026-10-03,nirmata-kyverno-operator,v0.5.0-rc7,False,nirmata-kyverno-operator-v0.5.0-rc7.tgz,138
2026-10-03,nirmata-kyverno-operator,v0.4.18-rc1,False,nirmata-kyverno-operator-v0.4.18-rc1.tgz,31
2026-10-03,nirmata-kyverno-operator,v0.4.17,False,nirmata-kyverno-operator-v0.4.17.tgz,12204
2026-10-03,cluster-registrator,0.1.15-rc1,False,cluster-registrator-0.1.15-rc1.tgz,16
2026-10-03,cluster-registrator,0.1.15,False,cluster-registrator-0.1.15.tgz,210
2026-10-03,nirmata-kyverno-operator,v0.4.17-rc3,False,nirmata-kyverno-operator-v0.4.17-rc3.tgz,32
2026-10-03,nirmata-kyverno-operator,v0.4.17-rc2,False,nirmata-kyverno-operator-v0.4.17-rc2.tgz,34
2026-10-03,nirmata-kyverno-operator,v0.4.17-rc1,False,nirmata-kyverno-operator-v0.4.17-rc1.tgz,32
2026-10-03,kyverno,3.2.4,False,kyverno-3.2.4.tgz,1060
2026-10-03,kyverno,3.0.33,False,kyverno-3.0.33.tgz,357
2026-10-03,kyverno,3.1.20-rc.4,False,kyverno-3.1.20-rc.4.tgz,38
2026-10-03,kyverno,3.1.20,False,kyverno-3.1.20.tgz,57
2026-10-03,kyverno,3.1.20-rc.3,False,kyverno-3.1.20-rc.3.tgz,48
2026-10-03,kyverno,3.1.20-rc.2,False,kyverno-3.1.20-rc.2.tgz,24
2026-10-03,nirmata-kyverno-operator,v0.5.0-rc6,False,nirmata-kyverno-operator-v0.5.0-rc6.tgz,126
2026-10-03,nirmata-kyverno-operator,v0.5.0-rc5,False,nirmata-kyverno-operator-v0.5.0-rc5.tgz,38
2026-10-03,kube-bench-adapter,v1.2.10-rc1,False,kube-bench-adapter-v1.2.10-rc1.tgz,1008
2026-10-03,nirmata-kyverno-operator,v0.4.16-rc3,False,nirmata-kyverno-operator-v0.4.16-rc3.tgz,43
2026-10-03,nirmata-kyverno-operator,v0.4.16,False,nirmata-kyverno-operator-v0.4.16.tgz,251
2026-10-03,nirmata-kyverno-operator,v0.4.16-rc2,False,nirmata-kyverno-operator-v0.4.16-rc2.tgz,40
2026-10-03,nirmata-kyverno-operator,v0.4.16-rc1,False,nirmata-kyverno-operator-v0.4.16-rc1.tgz,29
2026-10-03,kyverno,3.1.20-rc.1,False,kyverno-3.1.20-rc.1.tgz,14
2026-10-03,kyverno,3.2.4-rc1,False,kyverno-3.2.4-rc1.tgz,97
2026-10-03,nirmata-kyverno-operator,v0.5.0-rc4,False,nirmata-kyverno-operator-v0.5.0-rc4.tgz,206
2026-10-03,kyverno,3.0.33-rc1,False,kyverno-3.0.33-rc1.tgz,88
2026-10-03,nirmata-kyverno-operator,v0.4.15-rc2,False,nirmata-kyverno-operator-v0.4.15-rc2.tgz,17
2026-10-03,nirmata-kyverno-operator,v0.4.15-rc1,False,nirmata-kyverno-operator-v0.4.15-rc1.tgz,20
2026-10-03,nirmata-kyverno-operator,v0.4.15,False,nirmata-kyverno-operator-v0.4.15.tgz,513
2026-10-03,nirmata-kyverno-operator,v0.4.14,False,nirmata-kyverno-operator-v0.4.14.tgz,513
2026-10-03,nirmata-kyverno-operator-crd,v0.4.13,False,nirmata-kyverno-operator-crd-v0.4.13.tgz,5517
2026-10-03,kyverno,3.2.3,False,kyverno-3.2.3.tgz,82
2026-10-03,kyverno,3.1.19,False,kyverno-3.1.19.tgz,35
2026-10-03,kyverno,3.0.32,False,kyverno-3.0.32.tgz,27
2026-10-03,nirmata-kyverno-operator,v0.5.0-rc3,False,nirmata-kyverno-operator-v0.5.0-rc3.tgz,40
2026-10-03,kyverno,3.2.3-rc.4,False,kyverno-3.2.3-rc.4.tgz,71
2026-10-03,kyverno,3.2.3-rc.3,False,kyverno-3.2.3-rc.3.tgz,14
2026-10-03,kyverno,3.1.19-rc2,False,kyverno-3.1.19-rc2.tgz,47
2026-10-03,kyverno,3.0.32-rc.2,False,kyverno-3.0.32-rc.2.tgz,30
2026-10-03,kyverno,3.0.32-rc.1,False,kyverno-3.0.32-rc.1.tgz,3
2026-10-03,nirmata-kyverno-operator-crd,v0.4.13-rc1,False,nirmata-kyverno-operator-crd-v0.4.13-rc1.tgz,29
2026-10-03,kyverno,3.2.3-rc.2,False,kyverno-3.2.3-rc.2.tgz,47
2026-10-03,kyverno,3.0.31,False,kyverno-3.0.31.tgz,93
2026-10-03,kyverno,3.2.3-rc.1,False,kyverno-3.2.3-rc.1.tgz,52
2026-10-03,kyverno,3.0.31-rc6,False,kyverno-3.0.31-rc6.tgz,34
2026-10-03,kyverno,3.0.31-rc5,False,kyverno-3.0.31-rc5.tgz,33
2026-10-03,kyverno,3.2.2,False,kyverno-3.2.2.tgz,241
2026-10-03,kyverno,3.1.19-rc1,False,kyverno-3.1.19-rc1.tgz,35
2026-10-03,kyverno,3.0.31-rc4,False,kyverno-3.0.31-rc4.tgz,36
2026-10-03,nirmata-kyverno-operator,v0.3.42,False,nirmata-kyverno-operator-v0.3.42.tgz,164
2026-10-03,kyverno,3.0.31-rc3,False,kyverno-3.0.31-rc3.tgz,31
2026-10-03,nirmata-kyverno-operator,v0.3.41,False,nirmata-kyverno-operator-v0.3.41.tgz,19
2026-10-03,nirmata-kyverno-operator,v0.3.40,False,nirmata-kyverno-operator-v0.3.40.tgz,17
2026-10-03,kyverno,3.0.31-rc2,False,kyverno-3.0.31-rc2.tgz,15
2026-10-03,nirmata-kyverno-operator,v0.4.14-rc6,False,nirmata-kyverno-operator-v0.4.14-rc6.tgz,145
2026-10-03,nirmata-kyverno-operator-crd,v0.4.12,False,nirmata-kyverno-operator-crd-v0.4.12.tgz,99
2026-10-03,nirmata-kyverno-operator,v0.4.14-rc5,False,nirmata-kyverno-operator-v0.4.14-rc5.tgz,20
2026-10-03,nirmata-kyverno-operator-crd,v0.4.11,False,nirmata-kyverno-operator-crd-v0.4.11.tgz,5
2026-10-03,kyverno,3.0.31-rc1,False,kyverno-3.0.31-rc1.tgz,19
2026-10-03,kyverno,3.2.2-rc3,False,kyverno-3.2.2-rc3.tgz,237
2026-10-03,nirmata-kyverno-operator,v0.5.0-rc2,False,nirmata-kyverno-operator-v0.5.0-rc2.tgz,79
2026-10-03,kyverno,3.1.18,False,kyverno-3.1.18.tgz,503
2026-10-03,nirmata-kyverno-operator,v0.5.0-rc1,False,nirmata-kyverno-operator-v0.5.0-rc1.tgz,26
2026-10-03,nirmata-kyverno-operator,v0.4.14-rc4,False,nirmata-kyverno-operator-v0.4.14-rc4.tgz,22
2026-10-03,nirmata-kyverno-operator-crd,v0.4.10,False,nirmata-kyverno-operator-crd-v0.4.10.tgz,6
2026-10-03,cluster-registrator,0.1.14-rc2,False,cluster-registrator-0.1.14-rc2.tgz,24
2026-10-03,cluster-registrator,0.1.14,False,cluster-registrator-0.1.14.tgz,18400
2026-10-03,nirmata-kyverno-operator,v0.4.14-rc3,False,nirmata-kyverno-operator-v0.4.14-rc3.tgz,31
2026-10-03,nirmata-kyverno-operator-crd,v0.4.9,False,nirmata-kyverno-operator-crd-v0.4.9.tgz,5
2026-10-03,cluster-registrator,0.1.14-rc1,False,cluster-registrator-0.1.14-rc1.tgz,14
2026-10-03,nirmata-kyverno-operator,v0.4.14-rc2,False,nirmata-kyverno-operator-v0.4.14-rc2.tgz,42
2026-10-03,nirmata-kyverno-operator,v0.4.14-rc1,False,nirmata-kyverno-operator-v0.4.14-rc1.tgz,44
2026-10-03,kyverno,3.1.18-rc3,False,kyverno-3.1.18-rc3.tgz,39
2026-10-03,kyverno,3.2.2-rc2,False,kyverno-3.2.2-rc2.tgz,135
2026-10-03,kyverno,3.1.18-rc2,False,kyverno-3.1.18-rc2.tgz,40
2026-10-03,kyverno,3.1.18-rc1,False,kyverno-3.1.18-rc1.tgz,19
2026-10-03,cluster-registrator,0.1.13,False,cluster-registrator-0.1.13.tgz,24
2026-10-03,kyverno,3.0.30,False,kyverno-3.0.30.tgz,239
2026-10-03,nirmata-kyverno-operator,v0.4.13-rc6,False,nirmata-kyverno-operator-v0.4.13-rc6.tgz,32
2026-10-03,nirmata-kyverno-operator,v0.4.13,False,nirmata-kyverno-operator-v0.4.13.tgz,4732
2026-10-03,kyverno,3.2.2-rc1,False,kyverno-3.2.2-rc1.tgz,66
2026-10-03,nirmata-kyverno-operator,v0.4.13-rc5,False,nirmata-kyverno-operator-v0.4.13-rc5.tgz,16
2026-10-03,kyverno,3.1.17,False,kyverno-3.1.17.tgz,100
2026-10-03,cluster-registrator,0.1.12,False,cluster-registrator-0.1.12.tgz,89
2026-10-03,kyverno,3.0.30-rc1,False,kyverno-3.0.30-rc1.tgz,47
2026-10-03,cluster-registrator,0.1.12-rc2,False,cluster-registrator-0.1.12-rc2.tgz,14
2026-10-03,kyverno,3.2.1,False,kyverno-3.2.1.tgz,299
2026-10-03,nirmata-kyverno-operator,v0.4.13-rc4,False,nirmata-kyverno-operator-v0.4.13-rc4.tgz,25
2026-10-03,kyverno,3.1.17-rc2,False,kyverno-3.1.17-rc2.tgz,16
2026-10-03,cluster-registrator,0.1.12-rc1,False,cluster-registrator-0.1.12-rc1.tgz,27
2026-10-03,nirmata-kyverno-operator,v0.4.13-rc3,False,nirmata-kyverno-operator-v0.4.13-rc3.tgz,15
2026-10-03,nirmata-kyverno-operator,v0.4.13-rc2,False,nirmata-kyverno-operator-v0.4.13-rc2.tgz,16
2026-10-03,kyverno,3.1.17-rc1,False,kyverno-3.1.17-rc1.tgz,14
2026-10-03,kyverno,3.1.16,False,kyverno-3.1.16.tgz,6
2026-10-03,cluster-registrator,0.1.11,False,cluster-registrator-0.1.11.tgz,22
2026-10-03,kyverno,3.1.15-rc1,False,kyverno-3.1.15-rc1.tgz,13
2026-10-03,kyverno,3.2.1-rc2,True,kyverno-3.2.1-rc2.tgz,39
2026-10-03,nirmata-kyverno-operator,v0.4.13-rc1,False,nirmata-kyverno-operator-v0.4.13-rc1.tgz,61
2026-10-03,kyverno,3.1.14,False,kyverno-3.1.14.tgz,446
2026-10-03,kyverno,3.2.1-rc1,False,kyverno-3.2.1-rc1.tgz,28
2026-10-03,nirmata-kyverno-operator,v0.4.12,False,nirmata-kyverno-operator-v0.4.12.tgz,1071
2026-10-03,kube-bench-adapter,v1.2.9,False,kube-bench-adapter-v1.2.9.tgz,486
2026-10-03,nirmata-kyverno-operator,v0.4.11,False,nirmata-kyverno-operator-v0.4.11.tgz,101
2026-10-03,nirmata-kyverno-operator,v0.3.39,False,nirmata-kyverno-operator-v0.3.39.tgz,127
2026-10-03,kyverno,3.2.0,False,kyverno-3.2.0.tgz,15
2026-10-03,nirmata-kyverno-operator,v0.3.39-rc1,False,nirmata-kyverno-operator-v0.3.39-rc1.tgz,20
2026-10-03,nirmata-kyverno-operator,v0.4.10,False,nirmata-kyverno-operator-v0.4.10.tgz,496
2026-10-03,nirmata-kyverno-operator,v0.3.38,False,nirmata-kyverno-operator-v0.3.38.tgz,24
2026-10-03,nirmata-kyverno-operator,v0.4.9,False,nirmata-kyverno-operator-v0.4.9.tgz,88
2026-10-03,nirmata-kyverno-operator,v0.3.37-rc2,False,nirmata-kyverno-operator-v0.3.37-rc2.tgz,17
2026-10-03,nirmata-kyverno-operator,v0.3.37-rc1,False,nirmata-kyverno-operator-v0.3.37-rc1.tgz,16
2026-10-03,nirmata-kyverno-operator,v0.3.37,False,nirmata-kyverno-operator-v0.3.37.tgz,19
2026-10-03,kyverno,3.0.29,False,kyverno-3.0.29.tgz,934
2026-10-03,nirmata-kyverno-operator,v0.4.8,False,nirmata-kyverno-operator-v0.4.8.tgz,1362
2026-10-03,nirmata-kyverno-operator-crd,v0.4.8,False,nirmata-kyverno-operator-crd-v0.4.8.tgz,16873
2026-10-03,kyverno,3.1.13,False,kyverno-3.1.13.tgz,107
2026-10-03,kyverno,3.0.29-rc1,False,kyverno-3.0.29-rc1.tgz,20
2026-10-03,kyverno,3.0.28,False,kyverno-3.0.28.tgz,25
2026-10-03,kyverno,3.0.27,False,kyverno-3.0.27.tgz,2
2026-10-03,nirmata-kyverno-operator-crd,v0.4.7,False,nirmata-kyverno-operator-crd-v0.4.7.tgz,17
2026-10-03,kyverno,3.1.13-rc1,False,kyverno-3.1.13-rc1.tgz,100
2026-10-03,kyverno,3.0.27-rc2,False,kyverno-3.0.27-rc2.tgz,24
2026-10-03,kyverno,3.0.27-rc1,False,kyverno-3.0.27-rc1.tgz,27
2026-10-03,nirmata-kyverno-operator,v0.4.7-rc1,False,nirmata-kyverno-operator-v0.4.7-rc1.tgz,17
2026-10-03,nirmata-kyverno-operator,v0.4.7,False,nirmata-kyverno-operator-v0.4.7.tgz,269
2026-10-03,nirmata-kyverno-operator,v0.4.6,False,nirmata-kyverno-operator-v0.4.6.tgz,38
2026-10-03,kyverno,3.1.12,False,kyverno-3.1.12.tgz,35
2026-10-03,nirmata-kyverno-operator,v0.4.5,False,nirmata-kyverno-operator-v0.4.5.tgz,80
2026-10-03,nirmata-kyverno-operator,v0.4.4,False,nirmata-kyverno-operator-v0.4.4.tgz,32
2026-10-03,nirmata-kyverno-operator,v0.4.3,False,nirmata-kyverno-operator-v0.4.3.tgz,19
2026-10-03,nirmata-kyverno-operator,v0.3.36,False,nirmata-kyverno-operator-v0.3.36.tgz,3
2026-10-03,nirmata-kyverno-operator,v0.3.35,False,nirmata-kyverno-operator-v0.3.35.tgz,20
2026-10-03,kyverno,3.1.11,False,kyverno-3.1.11.tgz,17
2026-10-03,kyverno,3.1.10,False,kyverno-3.1.10.tgz,18
2026-10-03,kyverno,3.0.26,False,kyverno-3.0.26.tgz,40
2026-10-03,cluster-registrator,0.1.10,False,cluster-registrator-0.1.10.tgz,127
2026-10-03,nirmata-kyverno-operator,v0.3.34,False,nirmata-kyverno-operator-v0.3.34.tgz,18
2026-10-03,kyverno,3.1.9,False,kyverno-3.1.9.tgz,23
2026-10-03,kyverno,3.0.25,False,kyverno-3.0.25.tgz,41
2026-10-03,venafi-adapter,v0.1.15,False,venafi-adapter-v0.1.15.tgz,46
2026-10-03,kyverno,3.1.8,False,kyverno-3.1.8.tgz,47
2026-10-03,kyverno-stub-crds,3.0.13,False,kyverno-stub-crds-3.0.13.tgz,45
2026-10-03,nirmata-kyverno-operator,v0.4.2,False,nirmata-kyverno-operator-v0.4.2.tgz,1319
2026-10-03,nirmata-kyverno-operator,v0.3.33,False,nirmata-kyverno-operator-v0.3.33.tgz,24
2026-10-03,enterprise-kyverno-operator,v0.2.46,False,enterprise-kyverno-operator-v0.2.46.tgz,98
2026-10-03,nirmata-kyverno-operator,v0.4.1,False,nirmata-kyverno-operator-v0.4.1.tgz,2
2026-10-03,nirmata-kyverno-operator,v0.3.32,False,nirmata-kyverno-operator-v0.3.32.tgz,19
2026-10-03,enterprise-kyverno-operator,v0.2.45,False,enterprise-kyverno-operator-v0.2.45.tgz,15
2026-10-03,kyverno-stub-crds,3.0.13-rc3,False,kyverno-stub-crds-3.0.13-rc3.tgz,17
2026-10-03,nirmata-kyverno-operator,v0.4.0,False,nirmata-kyverno-operator-v0.4.0.tgz,148
2026-10-03,nirmata-kyverno-operator,v0.3.31,False,nirmata-kyverno-operator-v0.3.31.tgz,28
2026-10-03,nirmata-kyverno-operator,v0.4.0-rc7,False,nirmata-kyverno-operator-v0.4.0-rc7.tgz,20
2026-10-03,kyverno,3.1.8-rc2,False,kyverno-3.1.8-rc2.tgz,52
2026-10-03,nirmata-kyverno-operator,v0.3.30,False,nirmata-kyverno-operator-v0.3.30.tgz,74
2026-10-03,nirmata-kyverno-operator,v0.3.29,False,nirmata-kyverno-operator-v0.3.29.tgz,20
2026-10-03,kyverno,3.0.24,False,kyverno-3.0.24.tgz,32
2026-10-03,kyverno,3.0.23,False,kyverno-3.0.23.tgz,73
2026-10-03,nirmata-kyverno-operator,v0.3.28,False,nirmata-kyverno-operator-v0.3.28.tgz,48
2026-10-03,kyverno,3.0.22,False,kyverno-3.0.22.tgz,21
2026-10-03,kyverno,3.0.21,False,kyverno-3.0.21.tgz,19
2026-10-03,enterprise-kyverno-operator,v0.2.44,False,enterprise-kyverno-operator-v0.2.44.tgz,27
2026-10-03,nirmata-kyverno-operator,v0.4.0-rc6,False,nirmata-kyverno-operator-v0.4.0-rc6.tgz,51
2026-10-03,nirmata-kyverno-operator,v0.3.27,False,nirmata-kyverno-operator-v0.3.27.tgz,136
2026-10-03,enterprise-kyverno-operator,v0.2.43-argocd1,False,enterprise-kyverno-operator-v0.2.43-argocd1.tgz,14
2026-10-03,enterprise-kyverno-operator,v0.2.43,False,enterprise-kyverno-operator-v0.2.43.tgz,14
2026-10-03,cluster-registrator,0.1.9,False,cluster-registrator-0.1.9.tgz,2649
2026-10-03,nirmata-kyverno-operator,v0.4.0-rc5.4,False,nirmata-kyverno-operator-v0.4.0-rc5.4.tgz,40
2026-10-03,nirmata-kyverno-operator,v0.4.0-rc5.3,False,nirmata-kyverno-operator-v0.4.0-rc5.3.tgz,25
2026-10-03,kyverno,3.1.8-rc1,False,kyverno-3.1.8-rc1.tgz,16
2026-10-03,kyverno,3.1.7,False,kyverno-3.1.7.tgz,184
2026-10-03,nirmata-kyverno-operator,v0.4.0-rc5.2,False,nirmata-kyverno-operator-v0.4.0-rc5.2.tgz,19
2026-10-03,nirmata-kyverno-operator,v0.4.0-rc5.1,False,nirmata-kyverno-operator-v0.4.0-rc5.1.tgz,16
2026-10-03,nirmata-kyverno-operator,v0.4.0-rc5,False,nirmata-kyverno-operator-v0.4.0-rc5.tgz,19
2026-10-03,nirmata-kyverno-operator,v0.4.0-rc4,False,nirmata-kyverno-operator-v0.4.0-rc4.tgz,22
2026-10-03,nirmata-kyverno-operator,v0.4.0-rc3,False,nirmata-kyverno-operator-v0.4.0-rc3.tgz,21
2026-10-03,kyverno,3.1.6,False,kyverno-3.1.6.tgz,21
2026-10-03,kyverno,3.1.5,False,kyverno-3.1.5.tgz,21
2026-10-03,kyverno,3.1.4,False,kyverno-3.1.4.tgz,20
2026-10-03,kyverno,3.1.3,False,kyverno-3.1.3.tgz,19
2026-10-03,kube-bench-adapter,v1.2.8,False,kube-bench-adapter-v1.2.8.tgz,26692
2026-10-03,nirmata-kyverno-operator,v0.4.0-rc2,False,nirmata-kyverno-operator-v0.4.0-rc2.tgz,17
2026-10-03,kyverno,3.1.2,False,kyverno-3.1.2.tgz,19
2026-10-03,kube-bench-adapter,v1.2.8-rc2,False,kube-bench-adapter-v1.2.8-rc2.tgz,21
2026-10-03,nirmata-kyverno-operator,v0.4.0-rc1,False,nirmata-kyverno-operator-v0.4.0-rc1.tgz,26
2026-10-03,kube-bench-adapter,v1.2.8-rc1,False,kube-bench-adapter-v1.2.8-rc1.tgz,17
2026-10-03,nirmata-kyverno-operator,v0.3.26,False,nirmata-kyverno-operator-v0.3.26.tgz,200
2026-10-03,enterprise-kyverno-operator,v0.2.42,False,enterprise-kyverno-operator-v0.2.42.tgz,2561
2026-10-03,kyverno-stub-crds,3.0.13-rc2,False,kyverno-stub-crds-3.0.13-rc2.tgz,21
2026-10-03,kyverno-stub-crds,3.0.13-rc1,True,kyverno-stub-crds-3.0.13-rc1.tgz,14
2026-10-03,nirmata-kyverno-operator,v0.3.25,False,nirmata-kyverno-operator-v0.3.25.tgz,164
2026-10-03,nirmata-kyverno-operator,v0.3.25-rc4,False,nirmata-kyverno-operator-v0.3.25-rc4.tgz,22
2026-10-03,nirmata-kyverno-operator,v0.3.25-rc3,False,nirmata-kyverno-operator-v0.3.25-rc3.tgz,54
2026-10-03,kyverno,3.0.20,False,kyverno-3.0.20.tgz,43
2026-10-03,nirmata-kyverno-operator,v0.3.25-rc2,False,nirmata-kyverno-operator-v0.3.25-rc2.tgz,22
2026-10-03,nirmata-kyverno-operator,v0.3.25-rc1,False,nirmata-kyverno-operator-v0.3.25-rc1.tgz,18
2026-10-03,kyverno,3.1.1,False,kyverno-3.1.1.tgz,341
2026-10-03,kyverno,3.0.20-pre1,False,kyverno-3.0.20-pre1.tgz,15
2026-10-03,kyverno,3.0.19,False,kyverno-3.0.19.tgz,3
2026-10-03,cluster-registrator,0.1.8,False,cluster-registrator-0.1.8.tgz,57
2026-10-03,nirmata-kyverno-operator,v0.3.24,False,nirmata-kyverno-operator-v0.3.24.tgz,418
2026-10-03,kyverno,3.1.0-rc6,False,kyverno-3.1.0-rc6.tgz,22
2026-10-03,kyverno,3.1.0-rc5,False,kyverno-3.1.0-rc5.tgz,21
2026-10-03,nirmata-kyverno-operator,v0.3.23,False,nirmata-kyverno-operator-v0.3.23.tgz,49
2026-10-03,kyverno,3.1.0-rc4,False,kyverno-3.1.0-rc4.tgz,19
2026-10-03,nirmata-kyverno-operator,v0.3.22,False,nirmata-kyverno-operator-v0.3.22.tgz,94
2026-10-03,kyverno,3.1.0-rc3,False,kyverno-3.1.0-rc3.tgz,17
2026-10-03,kyverno,3.0.18,False,kyverno-3.0.18.tgz,513
2026-10-03,nirmata-kyverno-operator,v0.3.21,False,nirmata-kyverno-operator-v0.3.21.tgz,63
2026-10-03,kube-bench-adapter,v1.2.7,False,kube-bench-adapter-v1.2.7.tgz,103
2026-10-03,nirmata-kyverno-operator,v0.3.20,False,nirmata-kyverno-operator-v0.3.20.tgz,179
2026-10-03,kyverno-stub-crds,3.0.12,False,kyverno-stub-crds-3.0.12.tgz,28
2026-10-03,kyverno,3.0.17,False,kyverno-3.0.17.tgz,179
2026-10-03,kyverno,3.1.0,False,kyverno-3.1.0.tgz,46
2026-10-03,cluster-registrator,0.1.7,False,cluster-registrator-0.1.7.tgz,281
2026-10-03,nirmata-kyverno-operator,v0.3.19,False,nirmata-kyverno-operator-v0.3.19.tgz,268
2026-10-03,nirmata-kyverno-operator,v0.3.18,False,nirmata-kyverno-operator-v0.3.18.tgz,23
2026-10-03,nirmata-kyverno-operator,v0.3.17,False,nirmata-kyverno-operator-v0.3.17.tgz,21
2026-10-03,nirmata-kyverno-operator,v0.3.16,False,nirmata-kyverno-operator-v0.3.16.tgz,35
2026-10-03,kyverno-stub-crds,3.0.11,False,kyverno-stub-crds-3.0.11.tgz,19
2026-10-03,kyverno,3.0.16,False,kyverno-3.0.16.tgz,48
2026-10-03,nirmata-kyverno-operator,v0.3.15,False,nirmata-kyverno-operator-v0.3.15.tgz,92
2026-10-03,nirmata-kyverno-operator,v0.3.14,False,nirmata-kyverno-operator-v0.3.14.tgz,75
2026-10-03,kyverno,3.0.15,False,kyverno-3.0.15.tgz,40
2026-10-03,kyverno,3.0.14,False,kyverno-3.0.14.tgz,18
2026-10-03,kyverno,3.0.13,False,kyverno-3.0.13.tgz,25
2026-10-03,nirmata-kyverno-operator,v0.3.13,False,nirmata-kyverno-operator-v0.3.13.tgz,45
2026-10-03,nirmata-kyverno-operator,v0.3.12,False,nirmata-kyverno-operator-v0.3.12.tgz,137
2026-10-03,kyverno-stub-crds,3.0.10,False,kyverno-stub-crds-3.0.10.tgz,22
2026-10-03,kyverno,3.0.12,False,kyverno-3.0.12.tgz,41
2026-10-03,kyverno,3.0.11,False,kyverno-3.0.11.tgz,24
2026-10-03,nirmata-kyverno-operator,v0.3.11,False,nirmata-kyverno-operator-v0.3.11.tgz,140
2026-10-03,kyverno,3.0.10,False,kyverno-3.0.10.tgz,44
2026-10-03,kyverno-stub-crds,3.0.9,False,kyverno-stub-crds-3.0.9.tgz,34
2026-10-03,nirmata-kyverno-operator,v0.3.10,False,nirmata-kyverno-operator-v0.3.10.tgz,160
2026-10-03,nirmata-kyverno-operator,v0.3.9,False,nirmata-kyverno-operator-v0.3.9.tgz,72
2026-10-03,kyverno-stub-crds,3.0.6,False,kyverno-stub-crds-3.0.6.tgz,29
2026-10-03,nirmata-kyverno-operator,v0.3.8,False,nirmata-kyverno-operator-v0.3.8.tgz,74
2026-10-03,kyverno,3.0.9,False,kyverno-3.0.9.tgz,219
2026-10-03,nirmata-kyverno-operator,v0.3.7,False,nirmata-kyverno-operator-v0.3.7.tgz,104
2026-10-03,nirmata-kyverno-operator,v0.3.6,False,nirmata-kyverno-operator-v0.3.6.tgz,23
2026-10-03,kyverno,3.0.8,False,kyverno-3.0.8.tgz,52
2026-10-03,kyverno,3.0.7,False,kyverno-3.0.7.tgz,27
2026-10-03,kyverno-stub-crds,3.0.5-rc7,False,kyverno-stub-crds-3.0.5-rc7.tgz,16
2026-10-03,kyverno,3.0.5-rc7,False,kyverno-3.0.5-rc7.tgz,50
2026-10-03,nirmata-kyverno-operator,v0.3.5,False,nirmata-kyverno-operator-v0.3.5.tgz,54
2026-10-03,kyverno,3.0.5-rc6,False,kyverno-3.0.5-rc6.tgz,61
2026-10-03,enterprise-kyverno-operator,v0.2.41,False,enterprise-kyverno-operator-v0.2.41.tgz,958
2026-10-03,venafi-adapter,v0.1.14,False,venafi-adapter-v0.1.14.tgz,187
2026-10-03,nirmata-kyverno-operator,v0.3.4,False,nirmata-kyverno-operator-v0.3.4.tgz,20
2026-10-03,kyverno,3.0.5-rc5,False,kyverno-3.0.5-rc5.tgz,28
2026-10-03,kyverno,1.6.12,False,kyverno-1.6.12.tgz,4
2026-10-03,enterprise-kyverno-operator,v0.2.40,False,enterprise-kyverno-operator-v0.2.40.tgz,3
2026-10-03,nirmata-kyverno-operator,v0.3.3,False,nirmata-kyverno-operator-v0.3.3.tgz,3
2026-10-03,kyverno,3.0.5-rc4,False,kyverno-3.0.5-rc4.tgz,3
2026-10-03,kyverno,1.6.11,False,kyverno-1.6.11.tgz,338
2026-10-03,enterprise-kyverno-operator,v0.2.39,False,enterprise-kyverno-operator-v0.2.39.tgz,425
2026-10-03,cluster-registrator,0.1.6,False,cluster-registrator-0.1.6.tgz,47
2026-10-03,kube-bench-adapter,v1.2.6,False,kube-bench-adapter-v1.2.6.tgz,301
2026-10-03,cluster-registrator,0.1.5,False,cluster-registrator-0.1.5.tgz,24
2026-10-03,kube-bench-adapter,v1.2.5,False,kube-bench-adapter-v1.2.5.tgz,59
2026-10-03,kube-bench-adapter,v1.2.4,False,kube-bench-adapter-v1.2.4.tgz,40
2026-10-03,nirmata-kyverno-operator,v0.3.2,False,nirmata-kyverno-operator-v0.3.2.tgz,98
2026-10-03,enterprise-kyverno-operator,v0.2.38,False,enterprise-kyverno-operator-v0.2.38.tgz,1613
2026-10-03,kube-bench-adapter,v1.2.3,False,kube-bench-adapter-v1.2.3.tgz,71
2026-10-03,nirmata-kyverno-operator,v0.3.1-rc0,False,nirmata-kyverno-operator-v0.3.1-rc0.tgz,21
2026-10-03,nirmata-kyverno-operator,v0.3.1,False,nirmata-kyverno-operator-v0.3.1.tgz,25
2026-10-03,nirmata-kyverno-operator,v0.3.0,False,nirmata-kyverno-operator-v0.3.0.tgz,4
2026-10-03,kyverno,3.0.5-rc3,False,kyverno-3.0.5-rc3.tgz,118
2026-10-03,kyverno,3.0.5-rc2,False,kyverno-3.0.5-rc2.tgz,3
2026-10-03,cluster-registrator,0.1.4,False,cluster-registrator-0.1.4.tgz,27
2026-10-03,enterprise-kyverno-operator,v0.2.37,False,enterprise-kyverno-operator-v0.2.37.tgz,277
2026-10-03,kyverno,1.6.10,False,kyverno-1.6.10.tgz,3218
2026-10-03,cluster-registrator,0.1.3,False,cluster-registrator-0.1.3.tgz,33
2026-10-03,cluster-registrator,0.1.2,False,cluster-registrator-0.1.2.tgz,21
2026-10-03,kyverno,3.0.5-rc1,False,kyverno-3.0.5-rc1.tgz,129
2026-10-03,enterprise-kyverno-operator,v0.3.0-rc4,False,enterprise-kyverno-operator-v0.3.0-rc4.tgz,54
2026-10-03,kyverno,3.0.3-rc1,False,kyverno-3.0.3-rc1.tgz,29
2026-10-03,kyverno,1.6.9,False,kyverno-1.6.9.tgz,28
2026-10-03,enterprise-kyverno-operator,v0.2.36,False,enterprise-kyverno-operator-v0.2.36.tgz,108
2026-10-03,enterprise-kyverno-operator,v0.2.35,False,enterprise-kyverno-operator-v0.2.35.tgz,76
2026-10-03,enterprise-kyverno-operator,v0.3.0-rc3,False,enterprise-kyverno-operator-v0.3.0-rc3.tgz,16
2026-10-03,enterprise-kyverno-operator,v0.2.34,False,enterprise-kyverno-operator-v0.2.34.tgz,91
2026-10-03,venafi-adapter,v0.1.13,False,venafi-adapter-v0.1.13.tgz,179
2026-10-03,enterprise-kyverno-operator,v0.3.0-rc2,False,enterprise-kyverno-operator-v0.3.0-rc2.tgz,15
2026-10-03,kyverno,3.0.2-rc1,False,kyverno-3.0.2-rc1.tgz,63
2026-10-03,kyverno,3.0.2-rc0,False,kyverno-3.0.2-rc0.tgz,21
2026-10-03,enterprise-kyverno-operator,v0.3.0-rc1,False,enterprise-kyverno-operator-v0.3.0-rc1.tgz,22
2026-10-03,enterprise-kyverno-operator,v0.3.0-rc0,False,enterprise-kyverno-operator-v0.3.0-rc0.tgz,15
2026-10-03,enterprise-kyverno-operator,v0.2.33,False,enterprise-kyverno-operator-v0.2.33.tgz,287
2026-10-03,enterprise-kyverno-operator,v0.2.32,False,enterprise-kyverno-operator-v0.2.32.tgz,44
2026-10-03,enterprise-kyverno-operator,v0.2.31,False,enterprise-kyverno-operator-v0.2.31.tgz,28
2026-10-03,enterprise-kyverno-operator,v0.2.30,False,enterprise-kyverno-operator-v0.2.30.tgz,599
2026-10-03,enterprise-kyverno-operator,v0.2.29,False,enterprise-kyverno-operator-v0.2.29.tgz,29
2026-10-03,enterprise-kyverno-operator,v0.2.28,False,enterprise-kyverno-operator-v0.2.28.tgz,79
2026-10-03,enterprise-kyverno-operator,v0.2.27,False,enterprise-kyverno-operator-v0.2.27.tgz,57
2026-10-03,enterprise-kyverno-operator,v0.2.26,False,enterprise-kyverno-operator-v0.2.26.tgz,52
2026-10-03,enterprise-kyverno-operator,v0.2.25,False,enterprise-kyverno-operator-v0.2.25.tgz,21
2026-10-03,enterprise-kyverno-operator,v0.2.24,False,enterprise-kyverno-operator-v0.2.24.tgz,20
2026-10-03,enterprise-kyverno-operator,v0.2.23,False,enterprise-kyverno-operator-v0.2.23.tgz,103
2026-10-03,enterprise-kyverno-operator,v0.2.22,False,enterprise-kyverno-operator-v0.2.22.tgz,20
2026-10-03,enterprise-kyverno-operator,v0.2.21,False,enterprise-kyverno-operator-v0.2.21.tgz,39
2026-10-03,enterprise-kyverno-operator,v0.2.20,False,enterprise-kyverno-operator-v0.2.20.tgz,49
2026-10-03,enterprise-kyverno-operator,v0.2.19,False,enterprise-kyverno-operator-v0.2.19.tgz,165
2026-10-03,enterprise-kyverno-operator,v0.2.18,False,enterprise-kyverno-operator-v0.2.18.tgz,90
2026-10-03,enterprise-kyverno-operator,v0.2.17,False,enterprise-kyverno-operator-v0.2.17.tgz,24
2026-10-03,enterprise-kyverno-operator,v0.2.16,False,enterprise-kyverno-operator-v0.2.16.tgz,168
2026-10-03,enterprise-kyverno-operator,v0.2.15,False,enterprise-kyverno-operator-v0.2.15.tgz,37
2026-10-03,enterprise-kyverno-operator,v0.2.14,False,enterprise-kyverno-operator-v0.2.14.tgz,40
2026-10-03,enterprise-kyverno-operator,v0.2.13,False,enterprise-kyverno-operator-v0.2.13.tgz,121
2026-10-03,enterprise-kyverno-operator,v0.2.12,False,enterprise-kyverno-operator-v0.2.12.tgz,40
2026-10-03,enterprise-kyverno-operator,v0.2.11,False,enterprise-kyverno-operator-v0.2.11.tgz,65
2026-10-03,enterprise-kyverno-operator,v0.2.9,False,enterprise-kyverno-operator-v0.2.9.tgz,20
2026-10-03,enterprise-kyverno-operator,v0.2.10,False,enterprise-kyverno-operator-v0.2.10.tgz,36
2026-10-03,image-scan-adapter,v0.1.10,False,image-scan-adapter-v0.1.10.tgz,59
2026-10-03,enterprise-kyverno-operator,v0.2.8,False,enterprise-kyverno-operator-v0.2.8.tgz,114
2026-10-03,image-scan-adapter,v0.1.9,False,image-scan-adapter-v0.1.9.tgz,29
2026-10-03,image-scan-adapter,v0.1.8,False,image-scan-adapter-v0.1.8.tgz,21
2026-10-03,kyverno,1.6.8,False,kyverno-1.6.8.tgz,328
2026-10-03,enterprise-kyverno-operator,v0.2.7,False,enterprise-kyverno-operator-v0.2.7.tgz,318
2026-10-03,image-scan-adapter,v0.1.7,False,image-scan-adapter-v0.1.7.tgz,23
2026-10-03,enterprise-kyverno-operator,v0.2.6,False,enterprise-kyverno-operator-v0.2.6.tgz,97
2026-10-03,enterprise-kyverno-operator,v0.2.5,False,enterprise-kyverno-operator-v0.2.5.tgz,75
2026-10-03,kyverno,1.6.7,False,kyverno-1.6.7.tgz,108
2026-10-03,enterprise-kyverno-operator,v0.2.4,False,enterprise-kyverno-operator-v0.2.4.tgz,25
2026-10-03,image-scan-adapter,v0.1.6,False,image-scan-adapter-v0.1.6.tgz,41
2026-10-03,enterprise-kyverno-operator,v0.2.3,False,enterprise-kyverno-operator-v0.2.3.tgz,71
2026-10-03,image-scan-adapter,v0.1.5,False,image-scan-adapter-v0.1.5.tgz,48
2026-10-03,enterprise-kyverno-operator,v0.2.2,False,enterprise-kyverno-operator-v0.2.2.tgz,179
2026-10-03,enterprise-kyverno-operator,v0.2.1,False,enterprise-kyverno-operator-v0.2.1.tgz,97
2026-10-03,image-scan-adapter,v0.1.4,False,image-scan-adapter-v0.1.4.tgz,38
2026-10-03,image-scan-adapter,v0.1.3,False,image-scan-adapter-v0.1.3.tgz,22
2026-10-03,enterprise-kyverno-operator,v0.2.1-rc.1,False,enterprise-kyverno-operator-v0.2.1-rc.1.tgz,28
2026-10-03,image-scan-adapter,v0.1.2,False,image-scan-adapter-v0.1.2.tgz,40
2026-10-03,cluster-registrator,0.1.1,False,cluster-registrator-0.1.1.tgz,46
2026-10-03,image-scan-adapter,v0.1.1,False,image-scan-adapter-v0.1.1.tgz,18
2026-10-03,enterprise-kyverno-operator,v0.2.0,False,enterprise-kyverno-operator-v0.2.0.tgz,59
2026-10-03,image-scan-adapter,v0.1.0,False,image-scan-adapter-v0.1.0.tgz,45
2026-10-03,enterprise-kyverno-operator,v0.1.2-rc.4,False,enterprise-kyverno-operator-v0.1.2-rc.4.tgz,77
2026-10-03,enterprise-kyverno-operator,v0.1.2-rc.3,False,enterprise-kyverno-operator-v0.1.2-rc.3.tgz,20
2026-10-03,best-practice-policies,0.1.1,False,best-practice-policies-0.1.1.tgz,2094
2026-10-03,enterprise-kyverno-operator,v0.1.2-rc.2,False,enterprise-kyverno-operator-v0.1.2-rc.2.tgz,47
2026-10-03,nirmata-cluster-registrator-chart,0.1.0,False,nirmata-cluster-registrator-chart-0.1.0.tgz,58
2026-10-03,enterprise-kyverno-operator,v0.1.2-rc.1,False,enterprise-kyverno-operator-v0.1.2-rc.1.tgz,26
2026-10-03,kyverno,1.6.6,False,kyverno-1.6.6.tgz,634
2026-10-03,kyverno,1.6.5,False,kyverno-1.6.5.tgz,39
2026-10-03,enterprise-kyverno-operator,v0.1.1-rc.1,False,enterprise-kyverno-operator-v0.1.1-rc.1.tgz,21
2026-10-03,enterprise-kyverno-operator,v0.1.1,False,enterprise-kyverno-operator-v0.1.1.tgz,59
2026-10-03,enterprise-kyverno-operator,v0.1.0,False,enterprise-kyverno-operator-v0.1.0.tgz,74
2026-10-03,kyverno,1.6.4,False,kyverno-1.6.4.tgz,157
2026-10-03,enterprise-kyverno-operator,v0.1.0-rc.4,False,enterprise-kyverno-operator-v0.1.0-rc.4.tgz,50
2026-10-03,kyverno,1.6.3,False,kyverno-1.6.3.tgz,30
2026-10-03,enterprise-kyverno-operator,v0.1.0-rc.3,False,enterprise-kyverno-operator-v0.1.0-rc.3.tgz,46
2026-10-03,kyverno,1.6.2,False,kyverno-1.6.2.tgz,56
2026-10-03,enterprise-kyverno-operator,v0.1.0-rc.2,False,enterprise-kyverno-operator-v0.1.0-rc.2.tgz,31
2026-10-03,enterprise-kyverno-operator,v0.1.0-rc.1,False,enterprise-kyverno-operator-v0.1.0-rc.1.tgz,25
2026-10-03,kyverno,1.6.1,False,kyverno-1.6.1.tgz,1455
2026-10-03,kube-bench-adapter,v1.2.2,False,kube-bench-adapter-v1.2.2.tgz,428
2026-10-03,kube-bench-adapter,v1.2.1,False,kube-bench-adapter-v1.2.1.tgz,68
2026-10-03,kyverno,v1.5.13,False,kyverno-v1.5.13.tgz,838
2026-10-03,kube-bench-adapter,v1.2.0,False,kube-bench-adapter-v1.2.0.tgz,135
2026-10-03,kube-bench-adapter,v1.1.7,False,kube-bench-adapter-v1.1.7.tgz,65
2026-10-03,kyverno,v1.5.12,False,kyverno-v1.5.12.tgz,735
2026-10-03,kyverno,v1.5.11,False,kyverno-v1.5.11.tgz,51
2026-10-03,venafi-adapter,v0.1.12,False,venafi-adapter-v0.1.12.tgz,206
2026-10-03,kyverno,v1.5.10,False,kyverno-v1.5.10.tgz,75
2026-10-03,kyverno-operator,v0.1.9,False,kyverno-operator-v0.1.9.tgz,3576
2026-10-03,kyverno,v1.5.9,False,kyverno-v1.5.9.tgz,179
2026-10-03,kyverno-operator,v0.1.8,False,kyverno-operator-v0.1.8.tgz,146
2026-10-03,kyverno,v1.5.8,False,kyverno-v1.5.8.tgz,99
2026-10-03,pod-security-policies,0.1.0,False,pod-security-policies-0.1.0.tgz,3641
2026-10-03,kyverno,v1.5.7,False,kyverno-v1.5.7.tgz,88
2026-10-03,best-practice-policies,0.1.0,False,best-practice-policies-0.1.0.tgz,1797
2026-10-03,kyverno,v1.5.6,False,kyverno-v1.5.6.tgz,153
2026-10-03,kyverno,v1.5.5,False,kyverno-v1.5.5.tgz,89
2026-10-03,kyverno,v1.5.4,False,kyverno-v1.5.4.tgz,6
2026-10-03,kyverno-operator,v0.1.7,False,kyverno-operator-v0.1.7.tgz,6
2026-10-03,venafi-adapter,v0.1.11,False,venafi-adapter-v0.1.11.tgz,5
2026-10-03,kyverno,v1.5.3,False,kyverno-v1.5.3.tgz,5
2026-10-03,kyverno-operator,v0.1.6,False,kyverno-operator-v0.1.6.tgz,5
2026-10-03,venafi-adapter,v0.1.9,False,venafi-adapter-v0.1.9.tgz,23
2026-10-03,venafi-adapter,v0.1.10,False,venafi-adapter-v0.1.10.tgz,64
2026-10-03,kyverno,v1.5.2,False,kyverno-v1.5.2.tgz,2414
2026-10-03,kyverno,v1.5.1,False,kyverno-v1.5.1.tgz,22
2026-10-03,venafi-adapter,v0.1.7,False,venafi-adapter-v0.1.7.tgz,25
2026-10-03,kyverno-operator,v0.1.5,False,kyverno-operator-v0.1.5.tgz,421
2026-10-03,venafi-adapter,v0.1.6,False,venafi-adapter-v0.1.6.tgz,38
2026-10-03,venafi-adapter,v0.1.5,False,venafi-adapter-v0.1.5.tgz,23
2026-10-03,kyverno-operator,v0.1.4,False,kyverno-operator-v0.1.4.tgz,26
2026-10-03,kyverno-operator,v0.1.3,False,kyverno-operator-v0.1.3.tgz,154
2026-10-03,kyverno,v1.5.0,False,kyverno-v1.5.0.tgz,56
2026-10-03,venafi-adapter,v0.1.4,False,venafi-adapter-v0.1.4.tgz,60
2026-10-03,venafi-adapter,v0.1.3,False,venafi-adapter-v0.1.3.tgz,45
2026-10-03,nirmata-aws-adapter,0.1.0,False,nirmata-aws-adapter-0.1.0.tgz,1399
2026-10-03,kyverno,v1.4.3,False,kyverno-v1.4.3.tgz,527
2026-10-03,venafi-adapter,v0.1.2,False,venafi-adapter-v0.1.2.tgz,37
2026-10-03,kyverno,v1.4.2,False,kyverno-v1.4.2.tgz,34
2026-10-03,nirmata-venafi-adapter,v0.1.1,False,nirmata-venafi-adapter-v0.1.1.tgz,1472
2026-10-03,nirmata-venafi-adapter,v0.1.0,False,nirmata-venafi-adapter-v0.1.0.tgz,25
2026-10-03,kyverno-monitor,v0.1.2,False,kyverno-monitor-v0.1.2.tgz,1536
2026-10-03,kyverno-monitor,v0.1.1,False,kyverno-monitor-v0.1.1.tgz,26
2026-10-03,kyverno-monitor,v0.1.0,False,kyverno-monitor-v0.1.0.tgz,36
2026-10-03,kyverno,v1.4.1,False,kyverno-v1.4.1.tgz,45
2026-10-03,kyverno,v1.4.0,False,kyverno-v1.4.0.tgz,36
2026-10-03,kube-bench-adapter,v1.1.6,False,kube-bench-adapter-v1.1.6.tgz,2022
2026-10-03,kyverno,v1.3.0,False,kyverno-v1.3.0.tgz,62
2026-10-03,kyverno,v1.2.0,False,kyverno-v1.2.0.tgz,48
2026-10-03,kube-bench-adapter,v1.1.5,False,kube-bench-adapter-v1.1.5.tgz,137
2026-10-03,kube-bench-adapter,v1.1.4,False,kube-bench-adapter-v1.1.4.tgz,24
2026-10-03,kube-bench-adapter,v1.1.3-dev,False,kube-bench-adapter-v1.1.3-dev.tgz,20
2026-10-03,kube-bench-adapter,v1.1.3,False,kube-bench-adapter-v1.1.3.tgz,51
2026-10-03,kube-bench-adapter,v1.1.2,False,kube-bench-adapter-v1.1.2.tgz,53
2026-10-03,kube-bench-adapter,v1.1.1,False,kube-bench-adapter-v1.1.1.tgz,43
2026-10-03,kyverno,v1.1.0,False,kyverno-v1.1.0.tgz,8
2026-10-03,kube-bench-adapter,v1.1.0,False,kube-bench-adapter-v1.1.0.tgz,56
